enroll_id,student_id,course_id,semester,status,grade,enrolled_date
E001,S001,C101,Fall 2023,completed,A,2023-09-01
E002,S001,C102,Fall 2023,completed,B+,2023-09-01
E003,S001,C110,Spring 2024,active,,2024-02-01
E004,S002,C103,Fall 2023,completed,B,2023-09-01
E005,S002,C105,Fall 2023,completed,A-,2023-09-01
E006,S003,C101,Spring 2024,active,A+,2024-02-01
E007,S003,C102,Spring 2024,active,A,2024-02-01
E008,S004,C101,Fall 2023,completed,C+,2023-09-01
E009,S004,C103,Spring 2024,active,B-,2024-02-01
E010,S005,C104,Fall 2023,completed,A,2023-09-01
E011,S005,C114,Fall 2023,completed,A-,2023-09-01
E012,S006,C102,Spring 2024,active,B,2024-02-01
E013,S007,C105,Spring 2024,active,A-,2024-02-01
E014,S007,C113,Spring 2024,active,,2024-02-01
E015,S008,C101,Spring 2024,active,B+,2024-02-01
E016,S009,C106,Fall 2023,completed,A,2023-09-01
E017,S009,C112,Spring 2024,active,A-,2024-02-01
E018,S010,C108,Fall 2023,completed,B+,2023-09-01
E019,S011,C109,Spring 2024,active,A,2024-02-01
E020,S012,C101,Fall 2023,completed,B,2023-09-01
E021,S013,C102,Spring 2024,active,A+,2024-02-01
E022,S013,C111,Spring 2024,active,,2024-02-01
E023,S014,C104,Fall 2023,completed,B-,2023-09-01
E024,S015,C105,Spring 2024,active,A-,2024-02-01
E025,S016,C109,Fall 2023,completed,A,2023-09-01
E026,S017,C101,Spring 2024,active,A,2024-02-01
E027,S018,C108,Fall 2023,completed,B,2023-09-01
E028,S019,C106,Spring 2024,active,A-,2024-02-01
E029,S020,C107,Spring 2024,active,B+,2024-02-01
E030,S021,C104,Fall 2023,completed,A,2023-09-01
E031,S225,C556,Fall 2024,completed,B,2023-03-21
E032,S788,C609,Spring 2024,completed,B-,2024-03-14
E033,S800,C444,Spring 2024,completed,C+,2024-08-09
E034,S262,C560,Fall 2025,active,null,2024-01-03
E035,S896,C401,Fall 2025,completed,B+,2024-01-23
E036,S863,C880,Spring 2024,completed,D,2023-02-12
E037,S288,C805,Spring 2025,completed,C-,2024-03-20
E038,S752,C824,Fall 2024,completed,A+,2023-01-04
E039,S610,C448,Spring 2024,completed,B-,2024-10-02
E040,S907,C421,Spring 2025,active,null,2023-04-04
E041,S401,C844,Fall 2024,completed,D,2024-09-09
E042,S017,C956,Fall 2023,active,null,2024-06-30
E043,S080,C369,Spring 2025,completed,C,2025-05-16
E044,S664,C751,Spring 2025,active,null,2024-04-11
E045,S518,C1080,Fall 2025,completed,B+,2024-04-13
E046,S053,C506,Spring 2025,completed,C,2025-05-13
E047,S668,C1087,Fall 2024,active,null,2024-02-29
E048,S870,C579,Spring 2024,active,null,2023-08-28
E049,S414,C667,Fall 2023,completed,B,2025-06-22
E050,S711,C190,Fall 2025,completed,C-,2025-02-03
E051,S624,C685,Fall 2023,withdrawn,null,2024-05-01
E052,S947,C813,Spring 2024,active,null,2025-03-06
E053,S530,C416,Fall 2024,completed,C,2024-10-27
E054,S862,C958,Fall 2025,completed,B,2023-08-30
E055,S373,C522,Spring 2025,completed,A+,2023-08-22
E056,S723,C354,Spring 2025,completed,C+,2024-08-29
E057,S522,C352,Spring 2024,completed,C,2024-10-22
E058,S451,C782,Spring 2024,completed,C+,2024-04-27
E059,S718,C911,Fall 2023,completed,A-,2023-07-07
E060,S753,C288,Spring 2025,completed,C,2025-07-22
E061,S589,C758,Fall 2024,active,null,2025-02-28
E062,S525,C563,Fall 2025,active,null,2023-08-12
E063,S515,C879,Fall 2024,active,A+,2024-02-01
E064,S483,C870,Spring 2024,active,null,2024-11-27
E065,S833,C274,Fall 2025,active,C-,2025-02-13
E066,S494,C510,Fall 2023,active,null,2024-10-14
E067,S331,C969,Fall 2023,active,null,2024-08-07
E068,S142,C243,Fall 2023,active,null,2024-10-25
E069,S878,C675,Spring 2025,active,C-,2025-06-04
E070,S412,C800,Spring 2025,completed,C+,2023-07-30
E071,S192,C960,Fall 2023,active,null,2023-06-16
E072,S592,C1054,Fall 2023,completed,D,2024-08-18
E073,S182,C886,Fall 2025,active,null,2024-08-03
E074,S836,C650,Spring 2024,completed,C-,2023-06-07
E075,S429,C820,Fall 2024,withdrawn,B+,2024-04-19
E076,S093,C569,Fall 2023,completed,B,2024-09-17
E077,S269,C276,Spring 2025,active,null,2023-07-31
E078,S736,C813,Fall 2025,completed,F,2023-08-29
E079,S996,C1006,Fall 2023,active,null,2023-12-01
E080,S310,C804,Fall 2025,active,null,2024-01-03
E081,S794,C680,Fall 2025,withdrawn,null,2024-01-25
E082,S614,C284,Fall 2023,active,C,2023-07-14
E083,S003,C477,Fall 2024,withdrawn,null,2023-10-06
E084,S238,C675,Fall 2025,active,null,2025-03-16
E085,S252,C932,Fall 2023,active,F,2025-04-21
E086,S759,C178,Spring 2025,active,null,2024-04-27
E087,S515,C981,Fall 2023,completed,C+,2024-10-18
E088,S278,C780,Spring 2024,active,null,2024-10-22
E089,S541,C694,Fall 2023,completed,F,2025-05-21
E090,S259,C1004,Fall 2025,withdrawn,null,2025-07-11
E091,S871,C770,Fall 2025,completed,A+,2023-07-24
E092,S963,C560,Fall 2023,completed,A+,2025-08-17
E093,S614,C260,Spring 2025,active,null,2025-06-19
E094,S050,C309,Fall 2023,completed,C-,2023-02-02
E095,S531,C756,Fall 2023,completed,C+,2023-06-03
E096,S542,C270,Fall 2025,withdrawn,null,2024-10-28
E097,S892,C889,Fall 2024,active,B-,2025-02-09
E098,S970,C131,Fall 2023,completed,C-,2024-06-03
E099,S676,C694,Fall 2024,withdrawn,null,2024-10-24
E100,S479,C747,Fall 2024,completed,C+,2024-07-06
E101,S003,C534,Fall 2025,active,C+,2025-05-29
E102,S113,C276,Spring 2025,completed,A-,2023-01-16
E103,S571,C134,Fall 2025,completed,A+,2023-09-03
E104,S640,C223,Spring 2025,completed,A-,2025-08-02
E105,S432,C300,Fall 2024,completed,B+,2023-11-30
E106,S823,C710,Spring 2025,active,null,2023-09-17
E107,S343,C635,Spring 2025,active,null,2023-01-12
E108,S754,C865,Fall 2024,active,A-,2023-11-02
E109,S167,C774,Fall 2024,completed,D,2023-01-20
E110,S600,C193,Spring 2024,withdrawn,null,2023-09-12
E111,S010,C288,Fall 2025,withdrawn,null,2024-02-19
E112,S843,C936,Fall 2023,completed,C+,2024-10-26
E113,S780,C560,Fall 2023,completed,B,2023-09-06
E114,S385,C426,Spring 2024,active,B,2023-02-13
E115,S361,C464,Spring 2024,active,null,2024-05-28
E116,S772,C182,Fall 2025,active,B,2024-11-26
E117,S017,C1095,Spring 2024,active,B,2025-05-10
E118,S899,C1021,Fall 2025,completed,A,2023-12-27
E119,S896,C835,Fall 2025,completed,C,2023-09-12
E120,S531,C479,Fall 2024,withdrawn,null,2023-06-05
E121,S203,C1084,Spring 2024,completed,A+,2024-01-26
E122,S413,C927,Spring 2025,active,null,2024-06-25
E123,S418,C391,Fall 2025,completed,B-,2024-08-18
E124,S318,C681,Spring 2025,withdrawn,F,2025-07-15
E125,S179,C239,Fall 2023,withdrawn,null,2024-06-21
E126,S397,C289,Spring 2024,withdrawn,null,2023-05-12
E127,S012,C494,Spring 2025,completed,C,2025-08-29
E128,S954,C683,Fall 2025,completed,B+,2025-07-02
E129,S354,C487,Fall 2025,withdrawn,D,2024-11-04
E130,S841,C259,Fall 2025,withdrawn,null,2025-09-01
E131,S752,C662,Spring 2024,completed,C-,2025-01-22
E132,S489,C986,Spring 2025,active,null,2024-05-22
E133,S462,C726,Spring 2024,completed,C+,2023-01-13
E134,S309,C225,Spring 2024,completed,A-,2023-02-20
E135,S536,C1071,Fall 2024,active,A,2023-12-02
E136,S205,C718,Fall 2025,active,D,2023-03-28
E137,S159,C230,Spring 2025,completed,A+,2025-07-07
E138,S069,C397,Fall 2024,completed,F,2024-12-16
E139,S478,C1053,Spring 2025,completed,D,2025-01-11
E140,S765,C1067,Fall 2023,withdrawn,null,2024-10-29
E141,S678,C333,Fall 2023,active,D,2023-03-14
E142,S223,C408,Fall 2023,completed,C-,2025-04-11
E143,S589,C608,Fall 2024,completed,F,2025-05-13
E144,S557,C582,Spring 2024,completed,D,2024-07-07
E145,S446,C760,Fall 2024,active,null,2023-06-13
E146,S761,C905,Spring 2024,completed,A+,2023-12-04
E147,S636,C1093,Spring 2024,completed,A-,2023-08-28
E148,S345,C952,Spring 2024,completed,C,2024-03-12
E149,S439,C724,Fall 2023,active,null,2025-07-16
E150,S636,C511,Spring 2024,withdrawn,null,2025-04-27
E151,S796,C659,Fall 2023,active,C+,2024-06-30
E152,S135,C1001,Fall 2023,completed,F,2024-01-09
E153,S252,C744,Fall 2023,completed,C+,2024-02-23
E154,S103,C1059,Fall 2025,completed,B-,2024-05-06
E155,S157,C876,Fall 2024,active,null,2023-09-11
E156,S815,C1062,Fall 2024,completed,A,2024-12-28
E157,S168,C426,Spring 2024,withdrawn,null,2024-05-08
E158,S677,C734,Fall 2024,active,null,2023-02-23
E159,S509,C602,Spring 2025,completed,A-,2023-03-17
E160,S509,C1094,Fall 2024,completed,C+,2023-03-30
E161,S776,C690,Spring 2024,withdrawn,null,2023-12-08
E162,S854,C737,Fall 2025,active,null,2023-07-23
E163,S529,C596,Spring 2024,completed,A+,2023-07-14
E164,S306,C850,Spring 2024,active,B,2023-10-09
E165,S867,C560,Fall 2024,completed,A+,2025-03-09
E166,S278,C606,Spring 2025,completed,C-,2024-03-01
E167,S887,C232,Spring 2024,completed,A,2025-08-03
E168,S992,C1007,Fall 2023,active,null,2023-11-26
E169,S079,C897,Fall 2025,completed,C,2024-10-06
E170,S035,C1041,Fall 2025,active,A,2024-05-09
E171,S712,C345,Spring 2024,active,null,2023-03-22
E172,S275,C461,Spring 2025,completed,B,2023-02-07
E173,S620,C934,Fall 2023,active,null,2023-01-02
E174,S353,C455,Fall 2025,active,A,2023-11-25
E175,S917,C956,Spring 2025,completed,D,2024-02-06
E176,S686,C475,Spring 2024,active,null,2024-02-12
E177,S049,C763,Spring 2025,active,null,2023-10-19
E178,S012,C702,Spring 2024,active,B,2023-11-23
E179,S915,C420,Fall 2023,completed,A+,2025-02-18
E180,S255,C719,Fall 2025,completed,A,2025-04-03
E181,S553,C125,Spring 2024,active,null,2023-06-14
E182,S786,C1063,Fall 2023,completed,B-,2025-07-26
E183,S841,C658,Fall 2025,completed,B,2024-10-05
E184,S996,C811,Fall 2023,active,null,2023-01-13
E185,S156,C502,Fall 2024,completed,B-,2023-04-03
E186,S995,C1023,Spring 2025,completed,C+,2024-12-27
E187,S615,C312,Spring 2024,active,null,2024-03-03
E188,S136,C305,Fall 2023,withdrawn,null,2024-04-24
E189,S308,C370,Fall 2023,completed,C-,2025-07-10
E190,S055,C881,Spring 2025,completed,C-,2025-01-07
E191,S989,C720,Fall 2025,completed,A+,2024-09-02
E192,S173,C143,Fall 2023,active,null,2024-07-07
E193,S860,C841,Fall 2024,active,null,2023-07-24
E194,S698,C977,Spring 2024,active,null,2023-04-09
E195,S344,C651,Fall 2024,active,null,2023-12-18
E196,S167,C920,Spring 2025,completed,F,2023-05-03
E197,S115,C709,Spring 2025,completed,C,2025-03-28
E198,S701,C789,Spring 2024,completed,B-,2023-08-20
E199,S616,C1027,Spring 2025,active,null,2025-09-01
E200,S280,C473,Fall 2024,completed,A+,2025-06-03
E201,S545,C796,Spring 2024,withdrawn,A,2024-03-30
E202,S769,C166,Fall 2024,completed,A,2025-04-22
E203,S633,C687,Fall 2024,active,null,2024-03-07
E204,S898,C912,Spring 2025,active,A-,2025-06-12
E205,S418,C285,Spring 2024,completed,D,2024-01-20
E206,S945,C103,Fall 2024,completed,A+,2023-05-22
E207,S768,C494,Fall 2023,active,null,2023-05-13
E208,S383,C598,Fall 2025,withdrawn,null,2025-07-17
E209,S398,C630,Spring 2025,completed,A+,2024-02-07
E210,S243,C143,Spring 2025,completed,C+,2025-04-29
E211,S009,C480,Fall 2023,completed,C-,2025-06-27
E212,S657,C190,Spring 2025,completed,A+,2024-09-30
E213,S559,C702,Fall 2023,completed,B+,2024-08-23
E214,S045,C707,Fall 2023,withdrawn,null,2025-01-28
E215,S243,C755,Fall 2023,completed,A-,2023-01-24
E216,S623,C369,Fall 2024,completed,B+,2025-02-24
E217,S966,C572,Fall 2024,active,null,2024-01-11
E218,S237,C979,Fall 2023,active,C+,2023-02-12
E219,S051,C739,Fall 2025,completed,A-,2025-06-02
E220,S991,C575,Fall 2024,withdrawn,B,2024-11-08
E221,S330,C364,Fall 2024,withdrawn,null,2023-05-21
E222,S045,C427,Fall 2024,active,B,2024-12-11
E223,S293,C1048,Fall 2024,completed,A,2023-05-08
E224,S571,C117,Fall 2025,completed,C-,2024-09-01
E225,S399,C457,Fall 2024,completed,B,2025-06-26
E226,S860,C966,Fall 2024,active,null,2024-02-20
E227,S161,C988,Spring 2024,active,null,2023-06-02
E228,S127,C606,Fall 2025,completed,B-,2024-12-17
E229,S418,C490,Fall 2023,completed,C+,2023-04-16
E230,S831,C531,Spring 2024,completed,C+,2023-02-01
E231,S459,C111,Fall 2024,completed,F,2023-06-07
E232,S776,C532,Spring 2025,completed,B+,2023-12-28
E233,S819,C165,Fall 2024,completed,A+,2023-03-14
E234,S384,C1078,Spring 2024,active,null,2023-08-24
E235,S696,C844,Fall 2023,completed,A,2023-11-20
E236,S434,C156,Fall 2024,completed,D,2023-03-05
E237,S383,C233,Spring 2024,completed,A,2023-08-03
E238,S252,C705,Fall 2024,completed,D,2023-09-29
E239,S058,C827,Spring 2025,withdrawn,B-,2023-08-07
E240,S100,C797,Fall 2024,active,C,2024-08-20
E241,S056,C427,Spring 2025,completed,A,2025-02-15
E242,S659,C1055,Fall 2025,active,null,2024-03-21
E243,S988,C862,Fall 2024,active,null,2023-08-08
E244,S440,C439,Spring 2025,active,null,2023-07-19
E245,S903,C431,Fall 2025,completed,F,2024-11-17
E246,S573,C572,Spring 2025,completed,A+,2024-01-19
E247,S704,C580,Fall 2023,active,C,2025-05-17
E248,S486,C921,Fall 2023,completed,B+,2025-05-26
E249,S007,C926,Fall 2023,active,null,2024-09-09
E250,S369,C543,Spring 2025,completed,B+,2025-05-20
E251,S837,C248,Fall 2025,active,null,2024-11-29
E252,S137,C316,Fall 2025,withdrawn,null,2023-09-23
E253,S041,C291,Fall 2025,withdrawn,null,2025-02-20
E254,S168,C936,Spring 2025,withdrawn,C,2024-01-21
E255,S633,C981,Fall 2025,active,null,2024-03-25
E256,S485,C1041,Spring 2024,active,B+,2025-01-08
E257,S548,C989,Fall 2024,active,null,2023-09-02
E258,S703,C287,Fall 2023,active,null,2023-01-01
E259,S067,C534,Fall 2025,completed,A-,2024-06-12
E260,S286,C401,Spring 2024,completed,B,2024-05-21
E261,S676,C173,Fall 2025,active,null,2024-09-14
E262,S010,C919,Spring 2025,completed,B-,2025-06-01
E263,S087,C437,Fall 2024,active,null,2024-02-03
E264,S059,C1037,Spring 2025,completed,D,2024-12-07
E265,S624,C738,Fall 2023,completed,B+,2023-05-08
E266,S031,C104,Spring 2025,active,B+,2024-11-20
E267,S159,C289,Spring 2025,withdrawn,A-,2025-07-24
E268,S132,C605,Spring 2025,completed,B+,2023-07-28
E269,S962,C178,Spring 2025,active,null,2023-02-04
E270,S978,C508,Spring 2025,withdrawn,A+,2025-08-05
E271,S822,C554,Fall 2023,completed,B-,2023-02-23
E272,S244,C488,Fall 2023,completed,B-,2023-06-23
E273,S639,C616,Fall 2024,completed,B,2023-03-28
E274,S746,C944,Fall 2023,active,B,2025-01-15
E275,S055,C236,Spring 2025,completed,F,2024-10-25
E276,S890,C545,Spring 2025,active,null,2023-06-21
E277,S439,C565,Spring 2025,completed,D,2025-08-06
E278,S003,C963,Spring 2025,active,null,2023-02-10
E279,S251,C824,Spring 2025,completed,C-,2024-11-09
E280,S366,C750,Spring 2025,active,C+,2025-01-16
E281,S073,C390,Fall 2025,completed,B-,2024-09-01
E282,S498,C762,Fall 2025,completed,C-,2025-08-05
E283,S223,C702,Fall 2025,active,C-,2024-12-26
E284,S285,C963,Fall 2025,active,null,2025-07-24
E285,S724,C619,Spring 2025,completed,D,2025-06-29
E286,S323,C934,Fall 2024,completed,B,2024-09-03
E287,S720,C920,Spring 2024,completed,C+,2025-03-04
E288,S894,C547,Fall 2024,completed,A-,2025-02-02
E289,S228,C1099,Fall 2025,completed,C+,2023-04-14
E290,S134,C204,Spring 2024,active,null,2025-08-14
E291,S902,C647,Fall 2023,active,B-,2024-09-22
E292,S296,C676,Fall 2024,completed,A+,2023-01-05
E293,S717,C175,Spring 2024,active,null,2024-12-16
E294,S942,C997,Spring 2024,completed,B+,2025-04-16
E295,S606,C1096,Fall 2025,active,null,2024-05-24
E296,S308,C277,Spring 2024,completed,C,2025-02-03
E297,S517,C813,Spring 2025,completed,C-,2025-03-03
E298,S514,C639,Spring 2024,withdrawn,null,2024-04-06
E299,S539,C759,Fall 2025,active,null,2024-11-04
E300,S560,C1096,Fall 2024,completed,C-,2023-02-20
E301,S394,C815,Fall 2023,withdrawn,null,2025-01-10
E302,S262,C690,Fall 2024,completed,C,2025-02-04
E303,S589,C714,Fall 2025,withdrawn,C+,2023-01-26
E304,S772,C796,Fall 2024,completed,F,2024-03-30
E305,S639,C376,Fall 2025,active,null,2025-06-23
E306,S695,C655,Spring 2024,withdrawn,C,2023-06-07
E307,S207,C505,Fall 2023,completed,C-,2023-03-02
E308,S588,C1002,Spring 2024,completed,C+,2024-02-15
E309,S136,C108,Fall 2023,completed,B-,2025-07-11
E310,S327,C851,Spring 2025,active,null,2023-10-12
E311,S339,C612,Fall 2025,withdrawn,null,2025-02-08
E312,S777,C468,Spring 2025,completed,A-,2023-09-18
E313,S482,C542,Fall 2024,completed,A+,2024-01-31
E314,S537,C558,Fall 2024,completed,C+,2025-04-07
E315,S544,C977,Spring 2024,completed,A+,2024-01-01
E316,S074,C525,Spring 2025,completed,B-,2023-04-20
E317,S158,C280,Fall 2024,active,null,2025-02-27
E318,S525,C703,Fall 2025,completed,B,2023-01-06
E319,S148,C921,Spring 2024,completed,C+,2025-07-23
E320,S548,C537,Fall 2023,completed,B+,2025-05-06
E321,S326,C941,Spring 2025,active,C,2023-01-21
E322,S982,C352,Spring 2025,completed,D,2023-11-02
E323,S830,C1060,Fall 2024,completed,B+,2024-06-08
E324,S659,C522,Fall 2023,completed,B-,2025-01-18
E325,S050,C654,Fall 2025,active,null,2024-09-15
E326,S796,C994,Fall 2024,active,null,2024-11-15
E327,S593,C113,Fall 2025,active,null,2025-04-23
E328,S622,C588,Fall 2025,completed,D,2025-06-17
E329,S499,C239,Fall 2024,completed,A-,2024-07-22
E330,S276,C213,Spring 2024,completed,D,2023-10-04
E331,S540,C114,Fall 2024,completed,A+,2024-04-20
E332,S210,C463,Spring 2025,active,null,2024-06-05
E333,S998,C115,Fall 2025,completed,F,2024-10-16
E334,S977,C329,Fall 2025,completed,A+,2025-06-28
E335,S345,C699,Fall 2025,completed,F,2024-03-18
E336,S002,C273,Fall 2025,completed,A-,2024-10-28
E337,S893,C929,Fall 2023,active,B-,2025-07-22
E338,S544,C715,Spring 2024,completed,B,2024-09-17
E339,S862,C992,Fall 2023,completed,B,2023-06-07
E340,S042,C333,Fall 2023,active,null,2024-04-15
E341,S483,C393,Fall 2025,completed,B-,2024-09-16
E342,S375,C1079,Fall 2023,active,null,2025-07-09
E343,S436,C856,Fall 2024,withdrawn,null,2025-01-08
E344,S163,C307,Fall 2023,completed,A-,2025-05-09
E345,S621,C428,Fall 2025,active,null,2025-04-05
E346,S961,C384,Fall 2023,active,null,2024-10-24
E347,S785,C326,Spring 2024,withdrawn,null,2025-01-24
E348,S659,C470,Fall 2025,completed,D,2025-02-13
E349,S287,C270,Spring 2025,completed,C,2023-10-27
E350,S951,C629,Spring 2024,completed,C,2023-07-17
E351,S717,C103,Spring 2025,completed,D,2023-08-07
E352,S673,C1090,Fall 2023,completed,C-,2025-08-03
E353,S915,C918,Fall 2023,completed,C-,2023-06-03
E354,S302,C898,Spring 2024,active,B-,2024-07-30
E355,S320,C525,Fall 2025,completed,A+,2025-08-13
E356,S431,C1051,Spring 2024,completed,C,2025-01-12
E357,S148,C326,Spring 2025,completed,D,2024-05-29
E358,S969,C694,Fall 2023,withdrawn,B+,2024-04-27
E359,S696,C948,Fall 2025,completed,C+,2023-11-20
E360,S844,C380,Fall 2025,active,null,2024-11-18
E361,S910,C666,Fall 2024,active,D,2023-11-27
E362,S721,C366,Fall 2023,active,null,2024-05-23
E363,S322,C422,Spring 2024,active,null,2025-04-18
E364,S900,C986,Fall 2025,completed,F,2023-02-10
E365,S864,C564,Spring 2024,completed,A,2023-12-28
E366,S598,C167,Fall 2024,completed,A+,2024-07-25
E367,S595,C410,Fall 2024,completed,D,2025-02-19
E368,S730,C743,Spring 2025,completed,C-,2023-08-04
E369,S518,C370,Fall 2025,completed,C+,2023-07-30
E370,S538,C124,Spring 2024,withdrawn,null,2024-02-13
E371,S082,C255,Spring 2024,active,null,2023-07-04
E372,S118,C1059,Fall 2025,completed,B-,2025-01-25
E373,S091,C661,Fall 2025,completed,D,2024-10-24
E374,S809,C653,Fall 2025,active,A,2024-06-07
E375,S786,C238,Fall 2023,active,null,2025-07-26
E376,S412,C498,Fall 2025,completed,A,2023-02-18
E377,S466,C701,Spring 2024,completed,A-,2024-08-26
E378,S569,C248,Spring 2025,active,B+,2023-10-09
E379,S928,C824,Fall 2025,active,F,2023-11-08
E380,S623,C1024,Spring 2025,withdrawn,null,2023-11-20
E381,S046,C531,Spring 2025,completed,C-,2024-09-20
E382,S424,C983,Fall 2025,active,B+,2023-12-13
E383,S363,C808,Spring 2025,completed,C,2024-03-28
E384,S242,C858,Fall 2023,active,F,2025-07-09
E385,S901,C324,Fall 2023,completed,B-,2024-10-09
E386,S044,C798,Fall 2024,completed,A+,2024-01-02
E387,S131,C760,Fall 2023,completed,D,2024-09-09
E388,S692,C999,Spring 2024,completed,B,2023-09-27
E389,S046,C419,Fall 2024,withdrawn,null,2023-04-18
E390,S996,C179,Fall 2024,completed,C,2025-08-31
E391,S053,C768,Fall 2023,active,F,2025-03-23
E392,S331,C972,Fall 2023,completed,C-,2024-03-30
E393,S117,C433,Spring 2025,active,D,2023-03-18
E394,S762,C139,Fall 2025,active,C,2024-09-24
E395,S458,C651,Fall 2023,active,null,2024-10-16
E396,S997,C410,Fall 2024,completed,C-,2023-10-26
E397,S270,C522,Spring 2025,active,null,2025-07-25
E398,S780,C338,Spring 2025,active,null,2023-11-02
E399,S834,C123,Fall 2023,completed,A-,2024-09-19
E400,S327,C592,Spring 2024,active,null,2023-08-02
E401,S890,C222,Fall 2024,active,null,2024-04-08
E402,S724,C1040,Spring 2024,active,A-,2024-11-09
E403,S450,C340,Fall 2023,completed,C-,2025-03-03
E404,S761,C314,Fall 2023,completed,A,2023-12-06
E405,S573,C478,Fall 2024,active,B+,2023-08-21
E406,S180,C408,Fall 2023,completed,B-,2023-03-12
E407,S564,C456,Fall 2024,completed,D,2024-03-19
E408,S817,C499,Fall 2023,withdrawn,B,2023-10-26
E409,S814,C494,Spring 2025,active,null,2025-01-14
E410,S126,C454,Fall 2025,completed,B,2024-10-27
E411,S085,C1044,Spring 2025,completed,D,2023-04-28
E412,S435,C166,Spring 2025,completed,A+,2025-08-29
E413,S166,C1020,Spring 2024,completed,F,2023-04-07
E414,S415,C679,Fall 2025,completed,B,2025-07-01
E415,S102,C334,Fall 2024,active,null,2024-01-31
E416,S716,C1011,Fall 2023,active,null,2024-07-29
E417,S209,C811,Spring 2025,active,null,2025-01-23
E418,S132,C706,Spring 2024,completed,B,2024-11-11
E419,S653,C348,Spring 2024,active,null,2023-06-05
E420,S435,C1085,Fall 2024,withdrawn,D,2025-01-13
E421,S662,C700,Spring 2025,active,null,2024-07-25
E422,S913,C294,Spring 2025,completed,C,2023-05-07
E423,S615,C865,Spring 2025,withdrawn,null,2023-03-21
E424,S002,C243,Fall 2024,active,B,2023-06-28
E425,S831,C1073,Fall 2023,completed,A-,2023-05-17
E426,S697,C816,Spring 2024,completed,D,2024-07-11
E427,S041,C175,Spring 2024,active,C-,2023-08-15
E428,S913,C532,Spring 2025,completed,A+,2023-04-07
E429,S486,C985,Spring 2025,active,null,2024-10-12
E430,S312,C383,Spring 2025,completed,B,2023-01-28
E431,S632,C269,Spring 2024,completed,B-,2023-03-06
E432,S469,C412,Spring 2025,withdrawn,null,2023-11-11
E433,S144,C990,Spring 2025,active,null,2024-01-28
E434,S253,C602,Spring 2024,completed,A,2024-08-04
E435,S599,C902,Fall 2024,active,null,2025-07-04
E436,S628,C749,Fall 2024,completed,A-,2024-10-16
E437,S188,C598,Spring 2025,completed,B,2025-04-11
E438,S095,C406,Fall 2025,completed,B+,2025-08-07
E439,S879,C1092,Fall 2025,completed,A-,2025-01-30
E440,S821,C443,Fall 2024,completed,B+,2025-05-01
E441,S960,C901,Fall 2024,active,B,2025-06-15
E442,S563,C509,Spring 2025,completed,C-,2025-07-21
E443,S549,C335,Fall 2025,completed,C,2025-02-12
E444,S247,C1080,Spring 2024,completed,B-,2023-10-10
E445,S388,C849,Fall 2023,completed,C,2023-10-27
E446,S595,C950,Spring 2024,completed,A,2023-04-28
E447,S267,C814,Fall 2025,completed,C-,2024-04-22
E448,S604,C944,Fall 2024,completed,A-,2025-06-14
E449,S705,C109,Fall 2024,completed,B-,2023-10-20
E450,S250,C552,Spring 2025,active,null,2024-06-10
E451,S199,C154,Fall 2025,active,null,2023-03-03
E452,S103,C841,Fall 2025,completed,B+,2023-03-29
E453,S320,C312,Fall 2025,completed,A,2025-08-18
E454,S067,C357,Spring 2024,completed,C-,2024-02-27
E455,S175,C747,Fall 2023,withdrawn,null,2025-03-28
E456,S562,C180,Fall 2025,completed,A+,2024-09-21
E457,S688,C516,Fall 2025,completed,B,2023-05-12
E458,S339,C880,Spring 2025,active,null,2024-07-15
E459,S668,C958,Fall 2023,completed,C+,2025-04-21
E460,S593,C773,Spring 2024,completed,A,2024-01-17
E461,S965,C370,Spring 2024,active,null,2024-02-18
E462,S035,C155,Spring 2024,completed,A-,2024-05-29
E463,S443,C996,Fall 2024,withdrawn,null,2023-12-10
E464,S932,C813,Fall 2023,active,A-,2023-06-22
E465,S296,C859,Fall 2023,completed,A-,2023-01-28
E466,S414,C519,Spring 2025,completed,B-,2023-03-19
E467,S263,C428,Fall 2025,active,null,2025-05-30
E468,S412,C535,Spring 2024,completed,C-,2023-05-25
E469,S132,C239,Spring 2024,completed,A+,2023-11-24
E470,S238,C990,Fall 2025,completed,F,2023-06-30
E471,S049,C482,Spring 2025,completed,A+,2023-04-08
E472,S984,C780,Fall 2025,active,A,2025-02-15
E473,S213,C363,Fall 2025,completed,B+,2024-08-12
E474,S104,C298,Spring 2024,active,null,2024-06-13
E475,S388,C1079,Fall 2023,active,null,2025-01-20
E476,S613,C361,Fall 2024,active,null,2023-10-18
E477,S342,C230,Spring 2024,completed,C-,2024-02-14
E478,S306,C892,Fall 2024,active,null,2023-01-06
E479,S178,C371,Fall 2025,completed,C+,2023-07-17
E480,S275,C279,Fall 2023,active,null,2024-01-01
E481,S254,C548,Spring 2025,active,null,2025-07-15
E482,S888,C941,Spring 2024,completed,D,2024-07-17
E483,S653,C741,Fall 2024,completed,C,2025-04-30
E484,S238,C465,Spring 2025,active,null,2024-12-05
E485,S182,C493,Spring 2025,completed,B-,2024-07-30
E486,S868,C168,Fall 2024,completed,C+,2023-06-11
E487,S379,C907,Spring 2024,active,null,2024-09-26
E488,S939,C527,Spring 2025,completed,B,2024-04-29
E489,S802,C479,Spring 2024,completed,D,2024-12-15
E490,S380,C264,Fall 2024,active,B,2025-08-03
E491,S784,C504,Spring 2025,active,null,2023-12-13
E492,S214,C675,Fall 2025,active,null,2024-02-22
E493,S131,C881,Fall 2025,active,null,2023-09-13
E494,S158,C397,Spring 2024,active,C+,2024-05-20
E495,S946,C707,Spring 2024,completed,B-,2024-05-01
E496,S084,C261,Spring 2025,active,null,2024-03-04
E497,S974,C302,Fall 2025,withdrawn,null,2023-08-06
E498,S963,C776,Fall 2024,completed,B-,2024-05-27
E499,S768,C540,Spring 2024,active,null,2025-03-14
E500,S104,C503,Fall 2025,completed,D,2024-04-26
E501,S605,C755,Spring 2024,active,C-,2025-03-17
E502,S674,C180,Spring 2025,completed,B+,2024-11-20
E503,S970,C613,Fall 2023,completed,C-,2024-11-02
E504,S202,C812,Spring 2025,completed,B+,2023-01-24
E505,S510,C926,Spring 2024,completed,C+,2023-03-02
E506,S483,C808,Spring 2024,active,A,2023-10-08
E507,S550,C729,Spring 2025,active,A+,2024-07-23
E508,S918,C244,Spring 2025,active,null,2023-05-01
E509,S135,C226,Fall 2024,completed,B+,2024-08-29
E510,S787,C405,Spring 2025,completed,B-,2024-10-19
E511,S285,C959,Spring 2024,active,F,2023-06-18
E512,S398,C963,Fall 2024,completed,C+,2023-07-30
E513,S940,C936,Spring 2024,active,null,2025-02-05
E514,S954,C700,Fall 2025,active,null,2023-08-09
E515,S405,C941,Fall 2025,completed,F,2023-03-23
E516,S684,C213,Spring 2024,active,C+,2025-01-05
E517,S300,C681,Spring 2025,completed,C+,2024-04-07
E518,S689,C127,Spring 2025,active,null,2023-08-12
E519,S337,C326,Fall 2025,completed,A,2024-02-03
E520,S111,C274,Fall 2024,active,null,2023-04-27
E521,S411,C895,Spring 2024,active,null,2024-08-22
E522,S035,C880,Fall 2023,completed,B+,2023-10-06
E523,S996,C379,Spring 2024,completed,F,2024-03-05
E524,S854,C594,Spring 2024,withdrawn,null,2025-03-24
E525,S103,C389,Fall 2023,active,null,2024-12-08
E526,S272,C191,Fall 2023,withdrawn,C,2024-09-06
E527,S222,C139,Fall 2023,withdrawn,A,2023-04-17
E528,S411,C111,Fall 2024,active,F,2024-11-04
E529,S086,C891,Fall 2023,completed,B,2024-11-02
E530,S921,C1045,Spring 2024,active,null,2024-06-26
E531,S576,C951,Spring 2025,active,C+,2025-07-26
E532,S558,C134,Fall 2023,active,null,2023-09-10
E533,S299,C248,Fall 2023,withdrawn,B,2024-05-28
E534,S917,C861,Fall 2024,completed,B,2025-06-28
E535,S160,C162,Spring 2024,completed,A,2024-03-11
E536,S063,C813,Spring 2025,active,null,2024-05-12
E537,S858,C1062,Fall 2025,completed,C-,2024-01-27
E538,S061,C182,Fall 2024,active,null,2024-12-19
E539,S905,C189,Spring 2025,completed,A-,2025-03-12
E540,S723,C201,Fall 2025,active,A+,2023-05-19
E541,S311,C1028,Spring 2025,active,null,2025-08-13
E542,S534,C669,Fall 2023,completed,A,2023-05-16
E543,S861,C647,Spring 2025,active,null,2023-05-20
E544,S931,C597,Fall 2023,active,null,2024-03-22
E545,S488,C970,Fall 2025,completed,C+,2023-10-29
E546,S881,C539,Spring 2024,active,null,2025-03-18
E547,S988,C182,Fall 2023,withdrawn,null,2024-09-21
E548,S994,C214,Spring 2025,completed,D,2023-10-21
E549,S174,C356,Spring 2024,completed,B,2025-06-17
E550,S050,C178,Spring 2024,completed,B-,2023-08-12
E551,S340,C153,Spring 2025,active,null,2024-11-08
E552,S190,C498,Fall 2023,completed,B,2025-04-13
E553,S353,C446,Spring 2024,withdrawn,null,2024-11-02
E554,S509,C858,Fall 2024,active,null,2024-10-10
E555,S373,C390,Spring 2025,active,null,2024-12-25
E556,S478,C698,Fall 2025,active,null,2024-06-17
E557,S539,C1037,Fall 2024,completed,D,2023-10-17
E558,S519,C684,Fall 2025,completed,A+,2023-02-01
E559,S379,C209,Fall 2025,withdrawn,B-,2024-03-19
E560,S463,C457,Spring 2025,completed,B-,2025-03-07
E561,S517,C404,Spring 2024,active,null,2024-10-15
E562,S742,C189,Spring 2025,completed,C+,2023-05-17
E563,S779,C770,Fall 2024,completed,A+,2023-09-23
E564,S392,C995,Fall 2023,completed,F,2023-02-13
E565,S085,C402,Fall 2024,completed,B+,2023-01-06
E566,S839,C488,Fall 2025,active,A-,2023-09-24
E567,S042,C907,Fall 2025,completed,A,2025-06-16
E568,S006,C104,Spring 2025,completed,D,2023-03-02
E569,S689,C379,Fall 2023,completed,C-,2023-05-25
E570,S008,C584,Spring 2025,completed,C-,2025-01-07
E571,S114,C225,Fall 2024,active,null,2023-05-24
E572,S235,C247,Fall 2025,completed,A-,2024-07-23
E573,S159,C391,Fall 2023,completed,C,2023-12-01
E574,S888,C260,Fall 2025,completed,D,2024-08-28
E575,S610,C405,Fall 2023,completed,A,2023-02-09
E576,S744,C870,Fall 2025,completed,D,2025-04-01
E577,S119,C334,Fall 2024,active,null,2023-04-29
E578,S959,C353,Fall 2024,active,B-,2023-07-18
E579,S327,C1091,Spring 2025,withdrawn,null,2024-10-20
E580,S544,C707,Spring 2024,withdrawn,null,2025-08-09
E581,S448,C397,Fall 2023,active,B-,2024-05-16
E582,S570,C142,Fall 2025,active,null,2023-01-30
E583,S131,C1049,Fall 2025,completed,A,2023-01-25
E584,S917,C408,Fall 2023,active,B-,2023-09-06
E585,S309,C180,Fall 2025,completed,A-,2025-03-16
E586,S781,C623,Fall 2023,withdrawn,null,2024-04-25
E587,S570,C520,Spring 2025,completed,F,2023-05-12
E588,S564,C138,Spring 2024,completed,C-,2024-11-21
E589,S569,C1049,Fall 2025,completed,C+,2023-08-16
E590,S775,C453,Spring 2025,withdrawn,null,2024-12-28
E591,S992,C126,Spring 2024,completed,D,2025-03-02
E592,S119,C784,Spring 2024,completed,F,2024-09-27
E593,S743,C1027,Spring 2025,completed,B+,2025-04-21
E594,S738,C513,Fall 2025,active,null,2023-12-06
E595,S566,C431,Fall 2024,withdrawn,D,2024-08-08
E596,S314,C815,Fall 2023,completed,B,2023-07-11
E597,S590,C1017,Fall 2023,active,null,2024-03-16
E598,S581,C753,Fall 2023,active,null,2023-06-06
E599,S533,C723,Fall 2025,completed,C+,2023-03-10
E600,S746,C150,Spring 2025,completed,C,2023-09-04
E601,S240,C564,Fall 2024,completed,A+,2023-03-26
E602,S409,C426,Spring 2024,completed,A,2025-08-06
E603,S229,C529,Fall 2025,completed,D,2025-07-09
E604,S566,C160,Spring 2024,completed,F,2023-01-21
E605,S525,C388,Spring 2024,completed,C+,2024-09-22
E606,S629,C265,Fall 2025,active,null,2023-11-05
E607,S471,C893,Spring 2025,active,null,2025-04-01
E608,S898,C932,Fall 2023,completed,F,2023-07-08
E609,S247,C862,Spring 2024,withdrawn,null,2023-11-05
E610,S525,C105,Fall 2023,completed,C,2024-12-27
E611,S130,C416,Fall 2023,active,null,2025-08-22
E612,S895,C508,Fall 2025,completed,C-,2023-12-13
E613,S323,C570,Fall 2024,active,null,2023-01-30
E614,S394,C279,Spring 2025,active,null,2023-06-16
E615,S285,C269,Fall 2024,completed,B+,2025-02-20
E616,S219,C327,Spring 2024,active,null,2024-09-06
E617,S299,C468,Spring 2024,withdrawn,B-,2024-10-17
E618,S551,C1044,Spring 2024,completed,B+,2023-02-17
E619,S287,C121,Spring 2024,active,null,2025-07-15
E620,S903,C807,Fall 2025,active,null,2023-04-12
E621,S498,C403,Spring 2024,active,A+,2023-11-06
E622,S090,C518,Spring 2025,completed,A-,2025-07-15
E623,S123,C468,Spring 2024,active,C+,2024-09-10
E624,S215,C587,Fall 2023,completed,A-,2025-04-19
E625,S364,C870,Fall 2023,withdrawn,null,2023-08-25
E626,S601,C261,Fall 2025,completed,C-,2025-03-09
E627,S961,C942,Fall 2024,completed,A-,2023-02-16
E628,S429,C198,Fall 2025,completed,D,2023-09-03
E629,S659,C350,Spring 2024,completed,B+,2024-05-16
E630,S619,C599,Fall 2023,active,null,2024-10-23
E631,S023,C289,Fall 2025,active,null,2024-01-21
E632,S150,C289,Fall 2024,completed,F,2023-10-15
E633,S717,C605,Fall 2023,completed,B-,2023-12-29
E634,S994,C715,Fall 2024,completed,C,2024-08-16
E635,S637,C932,Spring 2024,completed,B,2025-03-23
E636,S799,C453,Spring 2024,completed,B+,2023-03-26
E637,S986,C495,Spring 2025,completed,C-,2025-02-25
E638,S078,C392,Fall 2024,completed,C,2025-01-21
E639,S295,C958,Spring 2024,completed,A,2024-09-21
E640,S303,C1068,Fall 2024,completed,D,2024-12-17
E641,S935,C207,Fall 2023,active,C+,2024-03-06
E642,S729,C539,Fall 2024,completed,A-,2024-11-05
E643,S483,C764,Spring 2025,completed,A+,2025-03-13
E644,S590,C264,Fall 2025,completed,F,2023-11-25
E645,S489,C661,Fall 2023,completed,A,2025-03-27
E646,S739,C740,Fall 2023,completed,B+,2023-03-12
E647,S692,C217,Spring 2025,completed,C-,2024-11-27
E648,S950,C553,Fall 2023,completed,C,2024-10-09
E649,S438,C310,Fall 2024,completed,A-,2023-07-23
E650,S701,C598,Fall 2023,completed,D,2023-06-09
E651,S074,C990,Spring 2024,completed,F,2024-06-13
E652,S738,C392,Fall 2025,completed,B+,2025-07-22
E653,S510,C186,Fall 2023,completed,A-,2024-09-12
E654,S320,C298,Fall 2023,completed,B+,2024-04-09
E655,S851,C445,Spring 2024,active,null,2025-07-18
E656,S714,C253,Spring 2024,active,null,2023-05-27
E657,S266,C548,Fall 2024,active,null,2025-05-21
E658,S390,C490,Fall 2025,completed,C,2025-02-12
E659,S988,C649,Fall 2024,completed,F,2024-07-21
E660,S207,C921,Spring 2025,completed,D,2023-03-15
E661,S904,C450,Spring 2024,withdrawn,null,2023-04-07
E662,S101,C898,Fall 2024,active,null,2024-02-02
E663,S824,C462,Spring 2024,active,null,2023-07-08
E664,S442,C556,Spring 2024,active,null,2025-04-04
E665,S148,C600,Spring 2024,withdrawn,null,2023-12-20
E666,S226,C1086,Spring 2024,completed,B-,2024-11-19
E667,S402,C422,Spring 2025,active,B,2024-06-25
E668,S452,C624,Fall 2024,active,null,2023-10-13
E669,S834,C922,Fall 2025,completed,B-,2025-04-30
E670,S124,C123,Fall 2024,completed,A-,2023-11-19
E671,S006,C1082,Spring 2025,active,C+,2023-12-01
E672,S393,C647,Fall 2024,active,null,2024-11-19
E673,S056,C988,Spring 2025,active,C+,2024-12-29
E674,S505,C284,Fall 2025,withdrawn,A+,2024-09-20
E675,S452,C699,Spring 2024,completed,B,2025-06-06
E676,S142,C175,Spring 2024,active,null,2025-06-08
E677,S802,C773,Fall 2024,withdrawn,null,2025-03-17
E678,S201,C400,Spring 2025,completed,F,2025-01-17
E679,S716,C107,Fall 2024,withdrawn,D,2024-04-19
E680,S879,C999,Spring 2024,completed,C-,2023-10-26
E681,S715,C772,Fall 2023,completed,B+,2023-08-24
E682,S666,C726,Fall 2025,completed,B,2024-04-08
E683,S569,C797,Spring 2024,active,null,2024-10-22
E684,S749,C1002,Spring 2024,active,B,2023-11-21
E685,S066,C835,Spring 2025,completed,C,2023-01-13
E686,S405,C302,Spring 2025,active,null,2025-05-19
E687,S884,C903,Fall 2025,completed,A+,2023-04-26
E688,S069,C242,Spring 2024,completed,A+,2025-07-01
E689,S910,C838,Fall 2025,completed,B,2023-05-10
E690,S398,C937,Fall 2024,active,B+,2023-07-29
E691,S771,C318,Spring 2025,active,null,2024-01-26
E692,S024,C1070,Fall 2025,completed,C-,2024-09-11
E693,S416,C611,Fall 2023,active,null,2025-05-22
E694,S344,C756,Fall 2024,active,null,2024-03-21
E695,S898,C1038,Fall 2025,completed,C-,2024-01-15
E696,S940,C530,Fall 2024,active,A,2025-06-06
E697,S193,C250,Fall 2024,active,A,2025-07-18
E698,S578,C1053,Spring 2024,completed,F,2025-06-30
E699,S896,C101,Fall 2023,completed,B-,2023-10-26
E700,S401,C213,Spring 2025,completed,C-,2025-01-02
E701,S708,C1017,Fall 2023,completed,A+,2023-08-10
E702,S975,C637,Fall 2025,active,A+,2023-10-20
E703,S262,C754,Fall 2023,completed,A+,2023-10-06
E704,S248,C166,Fall 2024,completed,C-,2023-12-15
E705,S078,C804,Spring 2024,active,null,2024-10-11
E706,S671,C206,Fall 2024,completed,B+,2024-05-03
E707,S318,C570,Fall 2024,completed,A+,2023-07-21
E708,S044,C740,Fall 2023,completed,C+,2024-06-12
E709,S954,C426,Spring 2025,completed,A,2024-05-13
E710,S861,C936,Spring 2025,completed,A+,2023-04-04
E711,S986,C1050,Fall 2025,completed,C,2025-03-20
E712,S934,C773,Fall 2023,completed,D,2024-06-23
E713,S711,C673,Spring 2024,completed,A,2024-03-22
E714,S096,C210,Fall 2024,completed,C+,2024-03-10
E715,S819,C630,Spring 2025,completed,D,2024-08-07
E716,S482,C947,Spring 2025,completed,D,2025-01-23
E717,S730,C634,Spring 2024,active,null,2023-03-09
E718,S488,C991,Fall 2023,active,B-,2024-07-03
E719,S213,C484,Spring 2024,completed,F,2024-07-06
E720,S069,C703,Fall 2024,completed,C,2024-12-23
E721,S154,C659,Fall 2024,completed,B+,2023-09-11
E722,S593,C772,Fall 2025,active,null,2023-10-17
E723,S164,C498,Spring 2025,active,null,2025-07-16
E724,S796,C818,Spring 2025,completed,A+,2023-03-10
E725,S698,C439,Fall 2025,active,C+,2024-07-15
E726,S497,C720,Spring 2024,completed,B+,2023-01-07
E727,S156,C908,Fall 2025,completed,A-,2025-07-11
E728,S846,C574,Spring 2024,completed,C+,2024-03-16
E729,S607,C674,Spring 2024,completed,A,2024-10-15
E730,S380,C931,Fall 2023,completed,A-,2025-06-14
E731,S531,C480,Fall 2024,completed,B+,2023-01-05
E732,S824,C658,Spring 2025,active,A+,2024-07-02
E733,S939,C678,Spring 2025,completed,A+,2024-10-16
E734,S468,C884,Spring 2024,active,A-,2025-08-30
E735,S496,C913,Spring 2025,completed,A,2023-05-04
E736,S900,C879,Fall 2025,completed,B-,2023-05-12
E737,S710,C851,Spring 2025,active,B+,2023-01-02
E738,S799,C718,Fall 2023,completed,A,2023-05-30
E739,S075,C150,Spring 2024,active,null,2023-07-18
E740,S303,C792,Fall 2024,completed,F,2023-02-23
E741,S358,C857,Spring 2025,active,null,2024-04-02
E742,S481,C197,Fall 2025,active,C+,2025-08-15
E743,S124,C795,Fall 2025,active,null,2024-01-21
E744,S374,C827,Fall 2025,completed,C+,2024-02-17
E745,S789,C567,Spring 2025,completed,D,2024-09-16
E746,S741,C798,Spring 2025,completed,B+,2023-07-19
E747,S295,C898,Fall 2024,completed,D,2024-12-31
E748,S376,C256,Spring 2024,withdrawn,A-,2024-11-21
E749,S389,C799,Fall 2024,completed,C,2024-10-01
E750,S206,C1081,Spring 2024,completed,A,2024-08-16
E751,S078,C879,Fall 2024,completed,D,2024-12-21
E752,S014,C570,Fall 2023,completed,B,2024-05-04
E753,S688,C350,Spring 2025,completed,A,2023-12-09
E754,S505,C908,Fall 2025,completed,B-,2023-02-08
E755,S764,C819,Fall 2023,completed,C+,2024-12-26
E756,S849,C1032,Spring 2024,completed,A+,2024-05-31
E757,S034,C238,Spring 2025,completed,D,2025-01-04
E758,S214,C786,Fall 2024,active,D,2024-04-11
E759,S885,C670,Spring 2024,completed,B,2024-06-03
E760,S513,C831,Spring 2024,completed,A,2024-09-06
E761,S192,C211,Fall 2024,active,null,2023-04-04
E762,S838,C359,Spring 2025,completed,C-,2025-08-04
E763,S424,C749,Spring 2025,active,null,2023-09-03
E764,S832,C260,Fall 2023,active,null,2025-08-30
E765,S507,C810,Spring 2024,active,null,2024-01-09
E766,S150,C898,Fall 2025,completed,C+,2024-07-05
E767,S342,C371,Fall 2025,withdrawn,C,2024-11-16
E768,S132,C398,Fall 2023,completed,A+,2024-12-06
E769,S902,C853,Spring 2024,completed,C+,2024-11-11
E770,S051,C189,Fall 2024,active,null,2023-01-18
E771,S328,C189,Fall 2025,completed,B-,2023-10-14
E772,S214,C944,Spring 2024,completed,A,2024-02-15
E773,S978,C768,Spring 2024,active,B+,2023-08-29
E774,S328,C1021,Spring 2025,active,C+,2024-09-04
E775,S730,C881,Spring 2024,active,null,2023-03-01
E776,S059,C840,Fall 2023,active,null,2024-09-01
E777,S603,C341,Fall 2023,active,null,2025-01-14
E778,S004,C929,Fall 2024,active,null,2023-02-15
E779,S178,C640,Spring 2024,completed,B,2023-03-08
E780,S344,C657,Fall 2025,active,null,2023-02-21
E781,S637,C858,Spring 2024,completed,B,2024-12-24
E782,S226,C749,Spring 2025,completed,A,2023-09-06
E783,S789,C528,Spring 2025,completed,F,2023-01-26
E784,S525,C908,Fall 2023,completed,A-,2024-11-21
E785,S651,C540,Fall 2025,completed,D,2023-11-07
E786,S799,C570,Fall 2024,active,B-,2025-07-22
E787,S736,C326,Fall 2023,withdrawn,A,2023-02-07
E788,S358,C798,Fall 2025,withdrawn,null,2025-01-29
E789,S251,C109,Fall 2025,completed,B+,2024-09-11
E790,S459,C734,Fall 2025,completed,A-,2023-04-07
E791,S572,C699,Fall 2023,active,null,2024-03-08
E792,S621,C339,Spring 2025,withdrawn,B-,2024-10-25
E793,S030,C876,Fall 2023,completed,C,2024-03-13
E794,S491,C807,Fall 2023,completed,C,2024-02-12
E795,S891,C1020,Spring 2024,active,null,2023-08-10
E796,S419,C1050,Spring 2024,completed,C-,2025-07-16
E797,S681,C783,Fall 2024,completed,F,2024-02-11
E798,S901,C895,Spring 2024,completed,C+,2023-06-26
E799,S607,C263,Spring 2024,completed,C+,2024-03-30
E800,S528,C951,Fall 2025,completed,B+,2024-04-03
E801,S660,C507,Fall 2023,withdrawn,B-,2023-06-23
E802,S192,C664,Fall 2025,active,D,2023-01-01
E803,S475,C399,Fall 2025,active,D,2024-07-02
E804,S109,C239,Fall 2024,completed,C,2024-05-06
E805,S477,C256,Spring 2025,completed,D,2025-05-06
E806,S508,C490,Fall 2024,completed,B+,2025-07-23
E807,S571,C479,Fall 2025,completed,A+,2025-08-04
E808,S075,C1041,Fall 2024,completed,C,2023-04-22
E809,S914,C1070,Spring 2025,completed,C-,2024-08-19
E810,S193,C686,Fall 2023,withdrawn,null,2025-08-29
E811,S884,C461,Spring 2025,completed,A,2024-07-01
E812,S546,C552,Fall 2023,active,B,2024-06-22
E813,S439,C141,Fall 2023,active,null,2023-02-14
E814,S005,C836,Fall 2025,completed,B,2024-08-31
E815,S721,C754,Spring 2024,completed,C,2024-07-28
E816,S856,C1011,Spring 2025,completed,C,2023-02-20
E817,S642,C339,Fall 2023,active,null,2023-01-19
E818,S127,C205,Spring 2024,completed,A+,2023-03-07
E819,S660,C620,Spring 2025,active,null,2023-10-09
E820,S176,C686,Fall 2023,completed,F,2024-09-07
E821,S353,C253,Spring 2024,completed,B+,2024-02-22
E822,S620,C316,Fall 2023,active,null,2023-06-22
E823,S908,C143,Fall 2023,active,null,2023-07-20
E824,S021,C1063,Spring 2024,active,C+,2024-10-28
E825,S728,C534,Spring 2024,completed,D,2024-04-07
E826,S373,C345,Spring 2025,withdrawn,B,2023-01-26
E827,S715,C929,Fall 2024,completed,A,2025-04-06
E828,S658,C881,Fall 2024,completed,F,2024-09-03
E829,S377,C1023,Spring 2025,active,B,2023-02-20
E830,S738,C490,Fall 2025,withdrawn,B-,2024-10-23
E831,S312,C360,Fall 2024,completed,B-,2025-01-11
E832,S068,C388,Spring 2025,active,C-,2024-11-09
E833,S843,C529,Fall 2024,withdrawn,null,2024-11-13
E834,S766,C994,Fall 2024,completed,B,2024-07-29
E835,S760,C977,Spring 2024,active,F,2024-07-14
E836,S968,C540,Spring 2024,active,B+,2024-03-20
E837,S402,C950,Fall 2024,completed,B+,2023-06-07
E838,S031,C982,Spring 2025,completed,C-,2024-04-27
E839,S005,C1047,Fall 2025,withdrawn,null,2023-06-12
E840,S792,C1006,Spring 2025,active,null,2023-08-12
E841,S673,C950,Fall 2024,completed,C+,2024-09-03
E842,S708,C446,Fall 2025,completed,A+,2025-02-20
E843,S742,C910,Fall 2024,completed,A+,2024-01-05
E844,S739,C133,Fall 2025,completed,B,2024-02-15
E845,S475,C270,Fall 2023,completed,B+,2023-10-15
E846,S177,C1040,Fall 2025,active,null,2024-12-14
E847,S479,C558,Spring 2024,withdrawn,null,2023-05-26
E848,S865,C1096,Fall 2025,completed,F,2025-03-18
E849,S945,C454,Fall 2023,completed,A+,2023-03-06
E850,S432,C242,Fall 2024,active,null,2023-12-29
E851,S040,C793,Spring 2024,active,null,2023-11-04
E852,S352,C124,Spring 2024,withdrawn,null,2023-08-03
E853,S352,C333,Fall 2023,completed,C,2024-09-02
E854,S272,C891,Spring 2024,active,D,2025-05-29
E855,S853,C877,Fall 2024,completed,A,2023-04-25
E856,S146,C345,Fall 2024,active,null,2025-06-08
E857,S171,C511,Fall 2024,completed,C,2025-04-16
E858,S271,C253,Fall 2025,completed,F,2024-01-25
E859,S928,C288,Fall 2024,completed,A+,2024-06-20
E860,S373,C608,Spring 2024,completed,C-,2025-01-02
E861,S694,C459,Fall 2024,completed,A,2023-09-23
E862,S648,C875,Spring 2025,withdrawn,F,2023-03-24
E863,S599,C338,Fall 2024,completed,C,2024-11-12
E864,S924,C1046,Fall 2024,completed,B-,2023-11-17
E865,S774,C801,Spring 2024,active,null,2025-08-03
E866,S784,C528,Spring 2024,completed,C-,2025-05-15
E867,S111,C526,Spring 2025,completed,C,2023-09-14
E868,S395,C198,Spring 2024,active,null,2025-04-30
E869,S488,C484,Spring 2025,active,A-,2025-02-18
E870,S436,C364,Fall 2023,completed,C+,2023-01-30
E871,S527,C364,Fall 2025,completed,F,2024-03-28
E872,S402,C264,Fall 2023,active,C+,2024-08-07
E873,S240,C186,Fall 2025,active,null,2025-03-20
E874,S865,C341,Fall 2025,active,C+,2025-02-01
E875,S506,C1064,Fall 2023,completed,A+,2024-12-30
E876,S338,C839,Fall 2025,active,null,2025-07-28
E877,S841,C229,Spring 2025,completed,F,2025-04-03
E878,S103,C1071,Spring 2024,withdrawn,null,2025-03-11
E879,S235,C948,Fall 2025,withdrawn,null,2023-02-09
E880,S316,C615,Fall 2024,active,null,2023-10-26
E881,S666,C256,Fall 2023,completed,D,2025-04-15
E882,S249,C511,Fall 2024,completed,F,2023-05-29
E883,S567,C280,Spring 2024,completed,B,2023-05-16
E884,S483,C471,Fall 2024,completed,C,2023-07-09
E885,S621,C725,Fall 2023,completed,B-,2023-10-27
E886,S605,C125,Fall 2024,active,null,2023-03-29
E887,S534,C972,Spring 2024,active,null,2025-06-23
E888,S630,C482,Spring 2024,withdrawn,null,2023-02-09
E889,S703,C769,Spring 2024,active,null,2024-05-10
E890,S122,C795,Fall 2023,completed,C+,2023-05-31
E891,S700,C699,Fall 2023,withdrawn,D,2023-05-10
E892,S400,C1025,Fall 2024,active,B+,2025-05-27
E893,S166,C622,Fall 2023,active,null,2024-09-21
E894,S086,C862,Fall 2023,active,null,2025-04-19
E895,S634,C260,Spring 2024,completed,C-,2023-09-10
E896,S407,C681,Fall 2023,active,null,2024-11-26
E897,S472,C546,Spring 2025,completed,A+,2024-01-03
E898,S141,C679,Fall 2025,active,null,2024-03-28
E899,S659,C400,Fall 2024,active,A,2024-01-18
E900,S885,C302,Fall 2023,completed,B-,2023-02-22
E901,S011,C929,Spring 2024,completed,F,2024-01-22
E902,S761,C927,Fall 2025,completed,C,2024-07-22
E903,S628,C136,Spring 2024,active,null,2023-12-21
E904,S902,C157,Spring 2024,active,null,2024-04-08
E905,S780,C507,Fall 2023,completed,A+,2023-10-06
E906,S009,C720,Spring 2024,completed,F,2024-12-07
E907,S471,C796,Fall 2024,completed,A,2024-07-03
E908,S729,C841,Spring 2024,completed,C+,2024-07-08
E909,S518,C199,Fall 2023,completed,B+,2025-04-30
E910,S563,C781,Spring 2024,completed,A,2023-02-19
E911,S893,C869,Fall 2024,completed,B+,2023-10-15
E912,S385,C162,Fall 2023,completed,A-,2023-06-02
E913,S003,C201,Spring 2024,completed,C-,2023-06-23
E914,S371,C916,Spring 2024,completed,C-,2025-01-27
E915,S202,C802,Fall 2023,active,null,2024-06-19
E916,S125,C842,Spring 2025,completed,A+,2023-09-01
E917,S551,C679,Fall 2023,active,B+,2025-01-25
E918,S390,C715,Fall 2023,completed,C-,2024-08-29
E919,S724,C414,Spring 2025,completed,A-,2023-02-17
E920,S044,C124,Fall 2024,completed,B,2024-12-16
E921,S735,C203,Fall 2023,withdrawn,C,2023-04-27
E922,S445,C348,Fall 2024,active,A+,2025-03-24
E923,S670,C788,Fall 2025,active,null,2023-07-04
E924,S222,C570,Fall 2023,completed,A,2025-02-22
E925,S113,C1004,Fall 2025,active,null,2025-03-28
E926,S659,C412,Fall 2024,completed,B-,2024-03-06
E927,S621,C584,Spring 2024,active,null,2024-02-03
E928,S843,C218,Fall 2025,completed,C+,2024-05-25
E929,S081,C342,Spring 2025,completed,F,2025-04-10
E930,S120,C805,Fall 2025,completed,A-,2025-05-16
E931,S436,C347,Fall 2025,completed,A,2023-05-18
E932,S760,C512,Spring 2025,withdrawn,null,2023-08-13
E933,S963,C126,Fall 2024,completed,B+,2024-04-14
E934,S101,C301,Fall 2025,active,null,2025-02-04
E935,S294,C943,Fall 2023,completed,A-,2023-08-11
E936,S704,C772,Fall 2024,active,B,2023-11-01
E937,S807,C501,Spring 2025,completed,C+,2023-07-29
E938,S745,C324,Fall 2023,completed,F,2023-04-24
E939,S074,C925,Spring 2025,completed,A,2024-12-01
E940,S306,C279,Fall 2023,completed,B,2024-06-07
E941,S233,C216,Fall 2025,completed,C-,2025-01-24
E942,S432,C313,Spring 2025,completed,A+,2025-05-11
E943,S257,C498,Fall 2024,completed,D,2024-02-01
E944,S608,C623,Spring 2025,withdrawn,null,2024-07-18
E945,S573,C899,Spring 2024,completed,B,2024-07-08
E946,S226,C599,Fall 2025,withdrawn,null,2025-01-16
E947,S233,C807,Fall 2023,active,null,2023-07-05
E948,S765,C1075,Spring 2024,active,D,2023-04-27
E949,S678,C760,Spring 2024,completed,A+,2024-01-28
E950,S338,C713,Spring 2024,completed,A+,2025-07-18
E951,S271,C152,Spring 2025,active,null,2024-08-15
E952,S097,C184,Fall 2025,completed,A-,2024-06-09
E953,S161,C388,Spring 2025,completed,B+,2023-01-21
E954,S090,C650,Fall 2023,completed,D,2025-03-02
E955,S969,C511,Fall 2023,active,null,2024-11-24
E956,S459,C639,Fall 2025,active,C-,2024-11-02
E957,S259,C953,Fall 2025,completed,B,2024-08-18
E958,S630,C560,Fall 2025,active,null,2025-08-10
E959,S890,C239,Fall 2023,completed,A,2023-10-13
E960,S560,C975,Spring 2025,active,B-,2024-06-13
E961,S756,C198,Fall 2025,active,null,2025-08-21
E962,S913,C1092,Fall 2023,completed,C,2023-08-05
E963,S648,C921,Fall 2024,completed,B+,2023-04-07
E964,S418,C305,Fall 2023,completed,C,2024-01-11
E965,S853,C461,Spring 2025,active,C+,2023-04-16
E966,S429,C712,Fall 2024,active,null,2025-07-24
E967,S575,C620,Fall 2023,completed,B+,2024-06-22
E968,S874,C807,Fall 2025,active,A+,2024-02-06
E969,S544,C1071,Spring 2024,active,null,2023-08-01
E970,S659,C944,Fall 2023,completed,C+,2024-05-20
E971,S357,C294,Spring 2024,completed,B+,2025-04-01
E972,S708,C300,Spring 2025,withdrawn,B+,2023-03-20
E973,S482,C729,Fall 2025,completed,D,2023-02-07
E974,S773,C969,Fall 2023,completed,D,2025-05-04
E975,S058,C349,Spring 2025,active,null,2025-02-06
E976,S303,C481,Fall 2025,active,null,2023-12-16
E977,S712,C532,Spring 2024,active,C-,2025-02-15
E978,S851,C227,Spring 2024,completed,B,2025-01-20
E979,S224,C719,Spring 2024,completed,B-,2025-03-06
E980,S985,C1014,Fall 2024,completed,B,2023-03-13
E981,S854,C715,Spring 2024,completed,A,2024-10-06
E982,S757,C964,Fall 2024,active,A-,2025-07-15
E983,S958,C209,Spring 2024,active,null,2023-02-08
E984,S125,C813,Fall 2025,completed,D,2024-09-04
E985,S268,C467,Fall 2024,completed,B+,2025-01-10
E986,S792,C669,Fall 2024,completed,A,2023-11-18
E987,S399,C323,Fall 2023,active,null,2025-03-01
E988,S821,C582,Fall 2025,completed,F,2025-01-24
E989,S346,C894,Fall 2025,completed,D,2024-03-14
E990,S713,C778,Fall 2024,completed,D,2024-07-05
E991,S476,C239,Fall 2024,withdrawn,null,2025-02-06
E992,S626,C720,Spring 2024,active,null,2024-10-13
E993,S796,C1014,Spring 2024,completed,A,2024-03-04
E994,S411,C621,Fall 2023,completed,B+,2023-08-09
E995,S987,C737,Spring 2025,completed,C+,2024-04-08
E996,S030,C590,Spring 2024,completed,F,2023-08-20
E997,S724,C401,Fall 2023,active,null,2023-05-16
E998,S667,C276,Spring 2024,active,A,2024-12-05
E999,S632,C638,Spring 2024,active,null,2024-11-20
E1000,S935,C352,Spring 2024,active,null,2023-11-12
