registration_id,event_id,registrant_name,city,ticket_type,paid_usd,registration_date
REG001,EV01,Layla Aziz Hassan,Erbil,General,5.0,2024-03-15
REG002,EV02,Sardar Karimi,Sulaymaniyah,Professional,80.0,2024-04-10
REG003,EV03,Zhyan Mustafa,Duhok,Standard,20.0,2024-05-18
REG004,EV04,Dilan Nasser,Erbil,Free,0.0,2024-03-01
REG005,EV05,Karwan Rashid,Zakho,Runner,15.0,2024-03-20
REG006,EV06,Shilan Saeed,Sulaymaniyah,Participant,40.0,2024-04-15
REG007,EV07,Hawkar Taha,Halabja,Free,0.0,2024-02-28
REG008,EV08,Randa Nuri,Duhok,General,10.0,2024-06-20
REG009,EV09,Naz Kadir,Erbil,Student,60.0,2024-05-01
REG010,EV10,Avan Salih,Sulaymaniyah,Standard,35.0,2024-07-10
REG011,EV01,Baran Ali,Erbil,General,5.0,2024-03-18
REG012,EV02,Dara Tahir,Erbil,Professional,80.0,2024-04-12
REG013,EV03,Helin Mahmoud,Sulaymaniyah,Standard,20.0,2024-05-22
REG014,EV04,Kavar Omar,Erbil,Free,0.0,2024-03-05
REG015,EV05,Lana Hassan,Halabja,Runner,15.0,2024-03-25
REG016,EV06,Mazin Faris,Erbil,Participant,40.0,2024-04-18
REG017,EV09,Narin Karim,Sulaymaniyah,Student,60.0,2024-05-05
REG018,EV02,Pishtiwan Aziz,Duhok,Professional,80.0,2024-04-14
REG019,EV10,Rozhan Said,Erbil,Standard,35.0,2024-07-15
REG020,EV08,Saman Hasan,Sulaymaniyah,General,10.0,2024-06-25
REG021,EV816,Dara Mustafa Saeed,Erbil,General,10.0,2025-05-10
REG022,EV253,Dashni Nawzad Faris,Sulaymaniyah,Participant,15.0,2026-11-20
REG023,EV306,Kavar Kamaran Othman,Erbil,Participant,25.0,2026-12-22
REG024,EV415,Pishtiwan Latif Rashid,Erbil,Runner,15.0,2026-11-14
REG025,EV128,Kavar Nawzad Nasser,Zakho,VIP,100.0,2024-06-25
REG026,EV188,Shilan Sherzad Hassan,Erbil,Professional,40.0,2025-06-04
REG027,EV198,Zeynep Mohammed Ali,Erbil,Student,100.0,2026-05-09
REG028,EV585,Kavar Jamal Tahir,Erbil,General,100.0,2026-04-25
REG029,EV808,Kamaran Jalal Rashid,Erbil,Student,80.0,2025-06-05
REG030,EV264,Yara Saeed Qadir,Sulaymaniyah,Student,15.0,2025-06-17
REG031,EV310,Helin Bakr Hassan,Zakho,Professional,60.0,2024-06-04
REG032,EV015,Baran Salam Tahir,Zakho,Runner,40.0,2024-04-01
REG033,EV975,Narin Ihsan Tahir,Sulaymaniyah,Standard,25.0,2024-03-17
REG034,EV235,Layla Bakr Salih,Zakho,Professional,60.0,2024-07-02
REG035,EV887,Dara Aziz Aziz,Erbil,Standard,15.0,2026-08-02
REG036,EV106,Nawzad Mohammed Rashid,Halabja,General,20.0,2025-09-17
REG037,EV284,Dashni Fuad Saeed,Duhok,Runner,100.0,2026-03-31
REG038,EV235,Nawzad Hama Hasan,Zakho,Participant,60.0,2024-11-06
REG039,EV145,Saman Saber Taha,Erbil,Participant,5.0,2025-09-22
REG040,EV746,Rami Fuad Hasan,Halabja,Standard,25.0,2024-04-03
REG041,EV714,Vian Farhad Karim,Zakho,Student,20.0,2025-03-25
REG042,EV334,Tara Jalal Kadir,Erbil,Participant,15.0,2025-07-05
REG043,EV113,Layla Bakr Nuri,Duhok,Runner,10.0,2024-11-23
REG044,EV928,Rebaz Jamal Said,Duhok,VIP,10.0,2024-03-19
REG045,EV783,Alan Salam Hama,Erbil,General,10.0,2024-11-20
REG046,EV106,Tara Kamaran Nuri,Halabja,Standard,20.0,2024-02-20
REG047,EV699,Sardar Kamaran Omar,Sulaymaniyah,General,10.0,2026-09-17
REG048,EV731,Fuad Farhad Nasser,Sulaymaniyah,Student,100.0,2026-07-01
REG049,EV629,Jalal Kamaran Hasan,Sulaymaniyah,Free,0.0,2024-04-22
REG050,EV207,Saman Barzan Taha,Erbil,Student,15.0,2024-03-07
REG051,EV901,Salih Salam Nasser,Duhok,Free,0.0,2025-04-26
REG052,EV495,Fuad Jalal Taha,Halabja,Standard,20.0,2024-01-03
REG053,EV707,Shilan Rebaz Hassan,Erbil,General,15.0,2025-08-05
REG054,EV291,Jalal Farid Hassan,Halabja,Participant,5.0,2024-05-23
REG055,EV552,Yara Saeed Hama,Duhok,General,50.0,2024-05-05
REG056,EV189,Pishtiwan Jamal Omar,Zakho,VIP,80.0,2024-08-28
REG057,EV921,Shilan Nawzad Nasser,Halabja,Free,0.0,2025-11-12
REG058,EV218,Dilan Nawzad Karim,Duhok,Runner,10.0,2024-02-27
REG059,EV480,Yara Fuad Hassan,Halabja,Runner,10.0,2025-01-14
REG060,EV333,Rami Jalal Rashid,Sulaymaniyah,Free,0.0,2026-08-30
REG061,EV826,Farhad Latif Hama,Erbil,General,10.0,2024-11-19
REG062,EV408,Layla Rizgar Aziz,Sulaymaniyah,Free,0.0,2026-10-09
REG063,EV548,Dilan Mustafa Tahir,Erbil,VIP,5.0,2024-09-20
REG064,EV515,Dashni Nawzad Faris,Erbil,Participant,40.0,2026-05-18
REG065,EV817,Vian Ihsan Salih,Erbil,Professional,5.0,2025-12-29
REG066,EV381,Naz Aziz Hasan,Halabja,Professional,60.0,2026-07-27
REG067,EV388,Mazin Rizgar Ahmad,Halabja,Student,15.0,2024-01-06
REG068,EV330,Layla Bakr Salih,Duhok,Student,35.0,2024-09-08
REG069,EV933,Dara Jalal Karim,Halabja,Free,0.0,2026-02-18
REG070,EV611,Naz Hama Aziz,Duhok,General,60.0,2025-02-28
REG071,EV296,Tara Farid Salih,Zakho,General,10.0,2024-10-11
REG072,EV435,Rami Nawzad Othman,Sulaymaniyah,VIP,100.0,2026-06-01
REG073,EV584,Farhad Ihsan Nasser,Duhok,Runner,60.0,2024-01-21
REG074,EV053,Karwan Fuad Qadir,Duhok,Runner,40.0,2024-08-31
REG075,EV410,Narin Jalal Nuri,Sulaymaniyah,VIP,40.0,2026-10-12
REG076,EV605,Bestun Saber Othman,Zakho,VIP,50.0,2024-03-26
REG077,EV298,Aryan Mohammed Taha,Erbil,Participant,80.0,2025-04-26
REG078,EV313,Tara Jamal Saeed,Duhok,General,35.0,2024-07-25
REG079,EV075,Bestun Fuad Rashid,Erbil,Standard,60.0,2026-09-12
REG080,EV056,Helin Azad Mahmoud,Halabja,General,50.0,2026-08-25
REG081,EV520,Tara Raber Qadir,Erbil,Standard,10.0,2026-10-29
REG082,EV186,Dilan Jamal Karim,Erbil,VIP,50.0,2026-02-11
REG083,EV015,Rami Dara Nuri,Zakho,Student,40.0,2024-11-07
REG084,EV026,Yara Bakr Karim,Zakho,Free,0.0,2024-03-31
REG085,EV155,Naz Salam Hasan,Zakho,VIP,15.0,2025-05-26
REG086,EV666,Layla Fuad Taha,Halabja,Standard,5.0,2026-02-04
REG087,EV462,Rebaz Hama Rashid,Erbil,General,80.0,2025-06-17
REG088,EV988,Dara Aziz Salih,Duhok,Standard,60.0,2026-08-14
REG089,EV566,Fuad Bakr Faris,Duhok,General,40.0,2026-03-09
REG090,EV932,Tara Farhad Ahmad,Erbil,Student,35.0,2026-09-10
REG091,EV238,Pishtiwan Aziz Salih,Erbil,VIP,25.0,2025-10-21
REG092,EV673,Yara Mohammed Othman,Erbil,Standard,60.0,2026-02-28
REG093,EV444,Nawzad Omar Aziz,Sulaymaniyah,General,60.0,2026-04-19
REG094,EV273,Fuad Farhad Salih,Halabja,Runner,50.0,2025-03-04
REG095,EV297,Zeynep Farhad Said,Duhok,Free,0.0,2025-03-27
REG096,EV269,Zeynep Bakr Rashid,Sulaymaniyah,Participant,35.0,2026-07-22
REG097,EV350,Dilan Jamal Hasan,Zakho,General,15.0,2026-09-29
REG098,EV611,Sardar Hama Aziz,Duhok,Participant,60.0,2025-04-20
REG099,EV152,Zeynep Rebaz Said,Erbil,Runner,25.0,2025-05-02
REG100,EV415,Baran Aryan Nasser,Erbil,General,15.0,2025-04-19
REG101,EV994,Karwan Rebaz Qadir,Duhok,Student,60.0,2026-11-30
REG102,EV647,Shilan Karim Karimi,Zakho,Professional,25.0,2025-11-20
REG103,EV639,Naz Bakr Salih,Erbil,Professional,25.0,2025-05-13
REG104,EV909,Lana Bakr Said,Halabja,Student,25.0,2025-11-11
REG105,EV640,Farhad Ihsan Kadir,Halabja,Student,5.0,2025-10-13
REG106,EV120,Yara Rizgar Ali,Zakho,General,5.0,2024-06-07
REG107,EV713,Yara Barzan Mustafa,Duhok,General,50.0,2025-10-04
REG108,EV670,Lana Jamal Qadir,Sulaymaniyah,General,50.0,2024-12-16
REG109,EV169,Helin Dara Kadir,Duhok,Runner,40.0,2025-02-07
REG110,EV389,Zeynep Farid Said,Sulaymaniyah,VIP,100.0,2025-04-14
REG111,EV837,Rami Sherzad Mahmoud,Duhok,Standard,60.0,2024-04-07
REG112,EV340,Saman Raber Said,Zakho,Professional,50.0,2024-10-16
REG113,EV910,Baran Mohammed Rashid,Duhok,Standard,35.0,2026-08-13
REG114,EV698,Kavar Ihsan Faris,Erbil,Participant,25.0,2026-11-01
REG115,EV514,Karwan Fuad Qadir,Zakho,Standard,15.0,2026-04-01
REG116,EV591,Rami Dara Aziz,Erbil,Standard,5.0,2026-08-11
REG117,EV906,Rebaz Salam Hassan,Zakho,General,60.0,2024-10-08
REG118,EV610,Tara Raber Aziz,Zakho,Participant,35.0,2026-12-29
REG119,EV07,Rebaz Jamal Omar,Halabja,Free,0.0,2024-07-21
REG120,EV950,Azad Farid Hassan,Halabja,Standard,5.0,2026-11-28
REG121,EV755,Bestun Jalal Aziz,Halabja,General,80.0,2026-06-22
REG122,EV054,Kavar Nawzad Ali,Halabja,General,80.0,2024-05-20
REG123,EV151,Alan Ihsan Rashid,Zakho,Professional,15.0,2025-02-18
REG124,EV370,Xezal Salam Salih,Duhok,Runner,35.0,2025-05-05
REG125,EV415,Zeynep Nawzad Hasan,Erbil,Standard,15.0,2025-11-10
REG126,EV608,Yara Raber Kadir,Zakho,Participant,5.0,2024-12-28
REG127,EV831,Naz Latif Qadir,Duhok,General,5.0,2026-12-20
REG128,EV325,Narin Jalal Kadir,Duhok,Professional,40.0,2025-05-16
REG129,EV038,Narin Farhad Kadir,Erbil,General,50.0,2025-05-27
REG130,EV183,Dashni Ihsan Mahmoud,Halabja,Runner,10.0,2025-01-29
REG131,EV918,Wrya Jalal Ahmad,Duhok,Professional,35.0,2024-08-06
REG132,EV363,Aryan Dara Othman,Duhok,Free,0.0,2025-06-22
REG133,EV663,Chnar Rizgar Salih,Sulaymaniyah,Professional,100.0,2025-08-19
REG134,EV329,Zeynep Aryan Mustafa,Erbil,Professional,60.0,2024-03-15
REG135,EV175,Layla Aziz Saeed,Erbil,Standard,40.0,2026-07-07
REG136,EV381,Aryan Nawzad Qadir,Halabja,Standard,60.0,2024-06-28
REG137,EV477,Wrya Aryan Ali,Halabja,General,80.0,2024-05-18
REG138,EV658,Alan Aryan Ahmad,Duhok,Participant,40.0,2024-07-30
REG139,EV485,Jalal Sherzad Nuri,Zakho,Professional,60.0,2024-06-24
REG140,EV148,Xezal Aryan Mahmoud,Duhok,Free,0.0,2024-11-06
REG141,EV501,Shilan Sherzad Said,Halabja,Professional,25.0,2026-09-23
REG142,EV552,Kavar Nawzad Nasser,Duhok,VIP,50.0,2025-04-24
REG143,EV217,Sardar Fuad Ahmad,Sulaymaniyah,General,40.0,2026-07-11
REG144,EV790,Pishtiwan Bakr Karim,Duhok,Free,0.0,2025-12-29
REG145,EV352,Randa Barzan Karimi,Zakho,Free,0.0,2024-01-10
REG146,EV715,Chnar Sherzad Omar,Sulaymaniyah,Professional,20.0,2024-07-22
REG147,EV675,Alan Barzan Ali,Halabja,Runner,50.0,2024-02-26
REG148,EV035,Jalal Mohammed Said,Erbil,General,25.0,2025-12-06
REG149,EV798,Vian Kamaran Mustafa,Halabja,Student,35.0,2026-07-16
REG150,EV187,Zeynep Saber Said,Zakho,Student,100.0,2025-05-21
REG151,EV227,Kamaran Nawzad Said,Zakho,Student,60.0,2026-11-11
REG152,EV586,Pishtiwan Mustafa Mahmoud,Zakho,Runner,25.0,2025-09-11
REG153,EV035,Aryan Mustafa Omar,Erbil,Standard,25.0,2026-03-23
REG154,EV805,Hawkar Farhad Mahmoud,Sulaymaniyah,Standard,60.0,2026-03-02
REG155,EV025,Hawkar Fuad Hama,Halabja,Student,35.0,2025-03-02
REG156,EV934,Layla Mohammed Aziz,Halabja,Professional,40.0,2025-11-20
REG157,EV971,Karwan Hama Karim,Halabja,General,10.0,2024-12-31
REG158,EV511,Zeynep Aryan Mustafa,Duhok,Standard,50.0,2026-06-01
REG159,EV720,Alan Bakr Rashid,Halabja,Professional,60.0,2024-12-27
REG160,EV887,Helin Azad Mahmoud,Erbil,VIP,15.0,2025-12-08
REG161,EV251,Rami Omar Ali,Erbil,Participant,25.0,2025-01-25
REG162,EV096,Sardar Saeed Aziz,Zakho,Free,0.0,2025-06-28
REG163,EV532,Fuad Jalal Mahmoud,Halabja,Student,60.0,2025-06-26
REG164,EV096,Layla Aziz Saeed,Zakho,Free,0.0,2025-07-19
REG165,EV442,Zhyan Saber Saeed,Erbil,Student,10.0,2025-09-22
REG166,EV346,Zeynep Saber Hassan,Duhok,Student,20.0,2026-08-17
REG167,EV192,Avan Saber Faris,Duhok,Runner,15.0,2025-05-11
REG168,EV925,Baran Kamaran Mustafa,Zakho,Student,10.0,2024-08-08
REG169,EV659,Fuad Jamal Omar,Sulaymaniyah,Participant,35.0,2024-11-23
REG170,EV681,Saman Farhad Saeed,Erbil,Participant,100.0,2024-03-14
REG171,EV469,Bestun Saber Hassan,Halabja,Standard,35.0,2025-12-04
REG172,EV785,Rebaz Nawzad Aziz,Erbil,Student,20.0,2024-04-02
REG173,EV239,Bestun Hama Nasser,Halabja,Professional,100.0,2025-10-11
REG174,EV902,Dilan Jalal Karimi,Erbil,Standard,15.0,2026-07-21
REG175,EV243,Xezal Farid Nuri,Halabja,Student,40.0,2024-05-29
REG176,EV050,Chnar Rebaz Othman,Sulaymaniyah,Runner,80.0,2026-09-19
REG177,EV746,Layla Mustafa Hassan,Halabja,Runner,25.0,2026-09-28
REG178,EV241,Bestun Farhad Kadir,Duhok,Professional,20.0,2026-01-23
REG179,EV680,Zhyan Barzan Hassan,Duhok,Runner,10.0,2024-10-05
REG180,EV710,Rebaz Rebaz Said,Erbil,General,5.0,2025-11-08
REG181,EV011,Fuad Rizgar Taha,Halabja,Student,60.0,2026-03-22
REG182,EV730,Vian Saeed Mustafa,Erbil,Participant,10.0,2026-07-28
REG183,EV789,Dilan Saber Karimi,Sulaymaniyah,General,15.0,2025-12-24
REG184,EV672,Avan Jamal Faris,Duhok,Student,35.0,2025-06-07
REG185,EV446,Dilan Jalal Karimi,Duhok,Participant,35.0,2025-04-28
REG186,EV985,Helin Bakr Rashid,Sulaymaniyah,Standard,60.0,2024-11-26
REG187,EV565,Pishtiwan Mohammed Hassan,Sulaymaniyah,Professional,20.0,2024-06-01
REG188,EV952,Shilan Omar Nuri,Duhok,Professional,80.0,2026-10-09
REG189,EV216,Xezal Rebaz Hasan,Halabja,Professional,50.0,2025-09-08
REG190,EV311,Nawzad Salam Hasan,Sulaymaniyah,Participant,35.0,2024-02-20
REG191,EV013,Vian Aziz Hasan,Zakho,Standard,15.0,2025-08-14
REG192,EV281,Dara Bakr Karim,Zakho,Runner,5.0,2024-09-30
REG193,EV513,Rozhan Mohammed Nasser,Zakho,General,60.0,2024-12-26
REG194,EV283,Dara Sherzad Faris,Erbil,VIP,50.0,2026-08-15
REG195,EV459,Jalal Ihsan Rashid,Duhok,Professional,50.0,2026-12-26
REG196,EV812,Kavar Nawzad Nasser,Halabja,Student,5.0,2026-09-28
REG197,EV393,Fuad Jamal Nasser,Erbil,VIP,15.0,2024-11-04
REG198,EV345,Wrya Ihsan Hassan,Halabja,Free,0.0,2025-09-21
REG199,EV817,Salih Rebaz Hama,Erbil,Participant,5.0,2026-10-13
REG200,EV358,Randa Rizgar Aziz,Sulaymaniyah,Participant,20.0,2026-10-05
REG201,EV445,Kamaran Saber Nasser,Zakho,VIP,80.0,2025-05-02
REG202,EV959,Rebaz Salam Hassan,Erbil,General,15.0,2026-06-17
REG203,EV096,Kavar Rizgar Karim,Zakho,Free,0.0,2025-03-26
REG204,EV344,Hawkar Aziz Othman,Sulaymaniyah,VIP,20.0,2026-03-18
REG205,EV578,Fuad Bakr Othman,Duhok,Professional,20.0,2025-06-24
REG206,EV763,Pishtiwan Saeed Mahmoud,Sulaymaniyah,VIP,80.0,2025-08-11
REG207,EV595,Zeynep Kamaran Mahmoud,Erbil,Standard,10.0,2025-11-14
REG208,EV412,Mazin Fuad Karim,Zakho,Student,50.0,2024-02-27
REG209,EV506,Dilan Saber Karimi,Duhok,Runner,100.0,2025-10-02
REG210,EV082,Nawzad Nawzad Nasser,Zakho,Professional,60.0,2024-10-15
REG211,EV472,Dara Mohammed Omar,Halabja,Student,35.0,2026-12-04
REG212,EV857,Azad Saeed Othman,Sulaymaniyah,Standard,35.0,2025-09-25
REG213,EV640,Vian Mohammed Faris,Halabja,Standard,5.0,2025-08-14
REG214,EV705,Layla Barzan Omar,Erbil,Standard,50.0,2025-07-21
REG215,EV596,Zhyan Mustafa Hasan,Halabja,Student,100.0,2024-03-23
REG216,EV377,Pishtiwan Omar Hassan,Halabja,Free,0.0,2025-12-20
REG217,EV279,Avan Mohammed Tahir,Sulaymaniyah,Participant,50.0,2026-11-15
REG218,EV473,Aryan Fuad Karim,Duhok,Standard,35.0,2025-11-29
REG219,EV683,Baran Ihsan Hassan,Zakho,General,40.0,2025-11-05
REG220,EV069,Hawkar Ihsan Omar,Erbil,Student,60.0,2026-06-17
REG221,EV961,Aryan Mohammed Karimi,Sulaymaniyah,Runner,20.0,2026-02-17
REG222,EV720,Naz Fuad Omar,Halabja,Standard,60.0,2026-12-05
REG223,EV623,Lana Kamaran Mahmoud,Erbil,Free,0.0,2024-05-06
REG224,EV867,Baran Rizgar Hama,Duhok,Free,0.0,2024-08-28
REG225,EV831,Shilan Rizgar Saeed,Duhok,Standard,5.0,2024-03-02
REG226,EV062,Bestun Saeed Hasan,Erbil,Standard,50.0,2024-03-30
REG227,EV538,Yara Farhad Mahmoud,Duhok,Student,40.0,2024-11-13
REG228,EV386,Mazin Raber Salih,Zakho,VIP,100.0,2024-10-22
REG229,EV165,Vian Hama Nuri,Duhok,Standard,25.0,2025-05-01
REG230,EV318,Rebaz Saber Qadir,Zakho,Professional,35.0,2026-07-09
REG231,EV517,Pishtiwan Mohammed Hassan,Halabja,Standard,35.0,2024-12-02
REG232,EV517,Naz Rebaz Karim,Halabja,VIP,35.0,2024-06-07
REG233,EV324,Saman Saeed Nasser,Sulaymaniyah,Runner,60.0,2025-09-02
REG234,EV629,Rozhan Saeed Hasan,Sulaymaniyah,Free,0.0,2026-09-29
REG235,EV144,Layla Aryan Saeed,Sulaymaniyah,Participant,40.0,2024-10-04
REG236,EV036,Avan Rizgar Karim,Sulaymaniyah,Standard,25.0,2026-04-09
REG237,EV059,Salih Farid Ali,Sulaymaniyah,Standard,40.0,2025-04-16
REG238,EV767,Kamaran Karim Hama,Halabja,VIP,35.0,2026-09-09
REG239,EV708,Layla Farid Nasser,Halabja,Student,10.0,2026-11-03
REG240,EV314,Dara Hama Kadir,Zakho,Runner,5.0,2026-01-12
REG241,EV521,Dashni Nawzad Hassan,Sulaymaniyah,VIP,50.0,2026-01-29
REG242,EV018,Tara Fuad Tahir,Halabja,Student,80.0,2026-08-23
REG243,EV370,Jalal Omar Hassan,Duhok,Student,35.0,2024-11-30
REG244,EV837,Kamaran Saber Taha,Duhok,Participant,60.0,2026-12-27
REG245,EV542,Rebaz Mustafa Mahmoud,Erbil,VIP,60.0,2024-08-07
REG246,EV637,Layla Saber Hama,Halabja,Standard,50.0,2026-10-22
REG247,EV862,Naz Hama Aziz,Duhok,Standard,35.0,2024-12-19
REG248,EV595,Jalal Aryan Taha,Erbil,General,10.0,2026-01-09
REG249,EV535,Shilan Omar Hassan,Sulaymaniyah,General,15.0,2025-02-08
REG250,EV052,Zhyan Farid Tahir,Zakho,Runner,15.0,2024-10-07
REG251,EV695,Farhad Fuad Rashid,Erbil,VIP,20.0,2025-05-29
REG252,EV884,Rami Karim Kadir,Duhok,Professional,10.0,2025-07-24
REG253,EV283,Shilan Fuad Ahmad,Erbil,Professional,50.0,2025-04-12
REG254,EV769,Kavar Omar Aziz,Duhok,Participant,50.0,2024-11-11
REG255,EV751,Yara Farhad Mahmoud,Zakho,Runner,60.0,2026-04-22
REG256,EV574,Jalal Barzan Karimi,Sulaymaniyah,VIP,5.0,2026-06-25
REG257,EV023,Helin Mustafa Othman,Erbil,General,25.0,2025-09-11
REG258,EV143,Vian Saeed Nasser,Sulaymaniyah,VIP,15.0,2025-10-11
REG259,EV764,Yara Rizgar Ali,Erbil,General,100.0,2024-02-21
REG260,EV381,Randa Mohammed Othman,Halabja,Runner,60.0,2026-06-02
REG261,EV133,Karwan Salam Faris,Sulaymaniyah,Free,0.0,2024-03-08
REG262,EV157,Hawkar Salam Hassan,Halabja,General,25.0,2024-04-14
REG263,EV263,Jalal Rizgar Salih,Zakho,Free,0.0,2026-01-10
REG264,EV523,Zhyan Dara Qadir,Erbil,Participant,40.0,2026-03-15
REG265,EV01,Rami Farhad Omar,Erbil,Professional,5.0,2024-03-31
REG266,EV637,Sardar Jalal Nasser,Halabja,Professional,50.0,2026-10-25
REG267,EV333,Karwan Farhad Salih,Sulaymaniyah,Free,0.0,2024-06-23
REG268,EV502,Rebaz Jalal Saeed,Erbil,Professional,40.0,2024-10-05
REG269,EV502,Bestun Nawzad Karimi,Erbil,General,40.0,2024-09-01
REG270,EV133,Sardar Nawzad Mustafa,Sulaymaniyah,Free,0.0,2026-06-20
REG271,EV595,Layla Saber Karimi,Erbil,Runner,10.0,2025-01-08
REG272,EV462,Helin Rebaz Hasan,Erbil,General,80.0,2025-03-08
REG273,EV798,Layla Mohammed Aziz,Halabja,General,35.0,2025-07-10
REG274,EV598,Avan Hama Kadir,Halabja,Free,0.0,2024-03-20
REG275,EV884,Kavar Barzan Othman,Duhok,General,10.0,2024-08-17
REG276,EV790,Shilan Rizgar Saeed,Duhok,Free,0.0,2026-11-09
REG277,EV659,Kavar Saber Ali,Sulaymaniyah,VIP,35.0,2026-10-06
REG278,EV394,Salih Farhad Hasan,Halabja,VIP,100.0,2026-06-25
REG279,EV518,Saman Sherzad Mahmoud,Halabja,Student,10.0,2024-11-13
REG280,EV396,Nawzad Farhad Mustafa,Sulaymaniyah,Student,40.0,2024-06-19
REG281,EV415,Shilan Nawzad Ahmad,Erbil,Student,15.0,2025-06-12
REG282,EV399,Lana Nawzad Omar,Erbil,Runner,15.0,2025-03-19
REG283,EV189,Alan Barzan Ali,Zakho,Runner,80.0,2024-06-13
REG284,EV526,Dilan Karim Mustafa,Erbil,Participant,15.0,2026-06-20
REG285,EV516,Sardar Raber Nuri,Halabja,VIP,80.0,2026-07-30
REG286,EV392,Lana Jamal Qadir,Halabja,Participant,60.0,2025-08-22
REG287,EV380,Tara Fuad Hasan,Erbil,Participant,60.0,2025-10-14
REG288,EV089,Zeynep Nawzad Hasan,Erbil,Runner,25.0,2026-05-22
REG289,EV229,Aryan Mustafa Omar,Sulaymaniyah,Standard,25.0,2025-08-29
REG290,EV709,Vian Bakr Salih,Zakho,Participant,5.0,2024-03-03
REG291,EV847,Randa Nawzad Said,Duhok,Standard,20.0,2025-02-07
REG292,EV792,Jalal Ihsan Rashid,Sulaymaniyah,Professional,100.0,2024-12-30
REG293,EV118,Saman Rebaz Saeed,Zakho,Student,35.0,2025-05-01
REG294,EV819,Rozhan Farid Mustafa,Halabja,Participant,20.0,2024-11-18
REG295,EV462,Vian Dara Kadir,Erbil,General,80.0,2024-01-18
REG296,EV174,Shilan Saeed Saeed,Zakho,Runner,35.0,2025-05-27
REG297,EV230,Vian Latif Hasan,Zakho,Professional,25.0,2024-11-22
REG298,EV031,Aryan Sherzad Hassan,Halabja,Free,0.0,2025-06-18
REG299,EV665,Layla Aziz Faris,Duhok,Professional,35.0,2026-06-12
REG300,EV099,Yara Farhad Faris,Erbil,Student,40.0,2026-05-01
REG301,EV199,Yara Sherzad Faris,Erbil,Standard,60.0,2026-01-11
REG302,EV136,Jalal Rizgar Salih,Duhok,Participant,80.0,2024-10-26
REG303,EV624,Layla Salam Ahmad,Duhok,Standard,15.0,2024-07-14
REG304,EV953,Alan Omar Othman,Sulaymaniyah,Professional,40.0,2024-12-10
REG305,EV761,Zeynep Latif Ali,Sulaymaniyah,Runner,80.0,2026-01-24
REG306,EV790,Yara Farhad Mustafa,Duhok,Free,0.0,2025-10-21
REG307,EV647,Avan Saber Faris,Zakho,Professional,25.0,2026-09-02
REG308,EV946,Farhad Aziz Hassan,Zakho,Runner,20.0,2024-12-08
REG309,EV513,Tara Aryan Taha,Zakho,General,60.0,2024-02-13
REG310,EV824,Dara Aziz Ahmad,Sulaymaniyah,Professional,20.0,2024-09-08
REG311,EV386,Wrya Hasan Jalal,Zakho,Runner,100.0,2024-12-03
REG312,EV766,Layla Farid Said,Erbil,General,20.0,2024-04-22
REG313,EV816,Baran Dara Ali,Erbil,Runner,10.0,2025-07-18
REG314,EV02,Azad Nawzad Ahmad,Erbil,General,80.0,2024-09-29
REG315,EV360,Nawzad Latif Hassan,Halabja,Student,10.0,2024-04-02
REG316,EV600,Nawzad Salam Karimi,Erbil,Participant,5.0,2026-05-30
REG317,EV705,Pishtiwan Salam Aziz,Erbil,General,50.0,2024-10-29
REG318,EV850,Rozhan Saeed Mustafa,Duhok,Participant,5.0,2025-01-26
REG319,EV803,Pishtiwan Omar Othman,Sulaymaniyah,Participant,25.0,2024-08-28
REG320,EV526,Aryan Farid Faris,Erbil,VIP,15.0,2025-07-10
REG321,EV179,Rozhan Bakr Aziz,Duhok,Participant,10.0,2024-06-18
REG322,EV477,Tara Jamal Saeed,Halabja,Standard,80.0,2025-01-23
REG323,EV443,Randa Barzan Hasan,Zakho,Professional,15.0,2026-02-18
REG324,EV664,Xezal Dara Qadir,Halabja,Participant,20.0,2024-06-03
REG325,EV753,Pishtiwan Mohammed Taha,Duhok,Runner,15.0,2025-12-02
REG326,EV934,Kavar Kamaran Nasser,Halabja,Standard,40.0,2025-06-20
REG327,EV127,Dara Barzan Nuri,Zakho,Student,25.0,2024-08-15
REG328,EV923,Aryan Farhad Said,Erbil,Runner,60.0,2024-12-19
REG329,EV715,Baran Aryan Hasan,Sulaymaniyah,Professional,20.0,2025-03-21
REG330,EV983,Xezal Kamaran Ahmad,Duhok,General,20.0,2026-08-05
REG331,EV991,Xezal Jamal Faris,Duhok,Standard,40.0,2026-05-27
REG332,EV022,Aryan Sherzad Taha,Halabja,Student,35.0,2026-08-30
REG333,EV492,Vian Saber Rashid,Duhok,Participant,5.0,2025-10-15
REG334,EV802,Aryan Farhad Hassan,Zakho,Professional,5.0,2024-09-21
REG335,EV506,Dara Jalal Hama,Duhok,Runner,100.0,2026-07-26
REG336,EV683,Tara Karim Nasser,Zakho,Participant,40.0,2026-10-04
REG337,EV744,Saman Sherzad Mahmoud,Halabja,Professional,60.0,2026-11-07
REG338,EV975,Vian Aziz Karimi,Sulaymaniyah,Professional,25.0,2025-02-22
REG339,EV081,Vian Bakr Said,Duhok,Student,50.0,2026-02-03
REG340,EV892,Kamaran Salam Faris,Duhok,Standard,15.0,2025-04-17
REG341,EV446,Alan Omar Othman,Duhok,Runner,35.0,2026-02-09
REG342,EV503,Alan Bakr Omar,Sulaymaniyah,General,25.0,2024-10-28
REG343,EV798,Bestun Rizgar Ali,Halabja,Professional,35.0,2024-01-12
REG344,EV152,Vian Jalal Mustafa,Erbil,General,25.0,2025-12-14
REG345,EV191,Avan Jamal Hama,Duhok,Free,0.0,2025-04-24
REG346,EV961,Vian Jalal Taha,Sulaymaniyah,General,20.0,2024-06-11
REG347,EV985,Azad Barzan Faris,Sulaymaniyah,General,60.0,2025-11-17
REG348,EV044,Vian Saeed Omar,Zakho,Student,80.0,2026-09-14
REG349,EV806,Mazin Fuad Mahmoud,Zakho,Professional,80.0,2024-07-26
REG350,EV051,Randa Kamaran Aziz,Zakho,Student,60.0,2026-10-30
REG351,EV455,Azad Raber Ali,Duhok,General,10.0,2024-04-09
REG352,EV043,Narin Dara Said,Duhok,General,80.0,2024-07-24
REG353,EV104,Naz Mohammed Nuri,Duhok,Student,15.0,2026-03-28
REG354,EV023,Lana Kamaran Salih,Erbil,Participant,25.0,2025-04-09
REG355,EV506,Salih Ihsan Rashid,Duhok,Standard,100.0,2024-05-26
REG356,EV173,Sardar Mohammed Karimi,Erbil,Runner,35.0,2026-07-11
REG357,EV136,Dilan Fuad Qadir,Duhok,VIP,80.0,2025-05-25
REG358,EV712,Randa Raber Karimi,Sulaymaniyah,Free,0.0,2026-05-29
REG359,EV621,Xezal Jamal Mustafa,Duhok,Runner,40.0,2024-08-19
REG360,EV050,Salih Mustafa Nasser,Sulaymaniyah,Professional,80.0,2025-05-08
REG361,EV454,Fuad Mohammed Kadir,Sulaymaniyah,Participant,20.0,2025-07-03
REG362,EV878,Xezal Mustafa Kadir,Halabja,Runner,80.0,2024-06-15
REG363,EV902,Nawzad Bakr Taha,Erbil,Participant,15.0,2025-11-07
REG364,EV635,Baran Mohammed Saeed,Halabja,Student,60.0,2026-09-21
REG365,EV893,Dilan Mustafa Salih,Zakho,Professional,100.0,2026-09-30
REG366,EV543,Shilan Mustafa Said,Halabja,VIP,5.0,2024-04-05
REG367,EV110,Pishtiwan Ihsan Hassan,Zakho,Standard,20.0,2024-07-20
REG368,EV107,Sardar Karim Nasser,Erbil,General,60.0,2026-09-23
REG369,EV029,Xezal Salam Salih,Erbil,VIP,10.0,2024-10-08
REG370,EV703,Azad Karim Othman,Halabja,General,35.0,2025-05-17
REG371,EV968,Baran Rizgar Tahir,Erbil,Standard,5.0,2025-08-24
REG372,EV699,Bestun Barzan Othman,Sulaymaniyah,Professional,10.0,2025-03-06
REG373,EV951,Hawkar Ihsan Omar,Halabja,VIP,50.0,2026-12-26
REG374,EV272,Yara Ihsan Hama,Duhok,Participant,40.0,2025-01-02
REG375,EV394,Dara Dara Hasan,Halabja,VIP,100.0,2024-06-16
REG376,EV276,Hawkar Raber Nasser,Duhok,VIP,15.0,2026-03-27
REG377,EV118,Hawkar Aryan Othman,Zakho,Participant,35.0,2026-04-10
REG378,EV331,Vian Saber Faris,Duhok,Student,15.0,2025-04-01
REG379,EV842,Kamaran Ihsan Hama,Zakho,Participant,35.0,2024-02-01
REG380,EV086,Randa Bakr Karim,Halabja,Free,0.0,2024-10-18
REG381,EV306,Dara Mohammed Ahmad,Erbil,Professional,25.0,2026-11-21
REG382,EV872,Layla Barzan Omar,Erbil,General,80.0,2024-02-10
REG383,EV460,Baran Hama Ali,Erbil,General,80.0,2024-09-16
REG384,EV983,Baran Rizgar Tahir,Duhok,Professional,20.0,2024-08-29
REG385,EV917,Farhad Rebaz Qadir,Duhok,Runner,15.0,2026-02-14
REG386,EV949,Rozhan Saeed Rashid,Duhok,Free,0.0,2025-03-04
REG387,EV993,Xezal Aryan Mahmoud,Sulaymaniyah,General,25.0,2026-09-23
REG388,EV059,Dashni Dara Othman,Sulaymaniyah,Standard,40.0,2024-03-15
REG389,EV864,Rebaz Farid Saeed,Sulaymaniyah,General,60.0,2024-02-15
REG390,EV150,Tara Saber Said,Zakho,VIP,80.0,2026-03-12
REG391,EV464,Pishtiwan Raber Mahmoud,Erbil,Student,25.0,2024-09-12
REG392,EV688,Aryan Raber Karim,Zakho,Participant,40.0,2025-07-16
REG393,EV09,Avan Karim Said,Erbil,Standard,60.0,2025-04-06
REG394,EV132,Alan Sherzad Othman,Halabja,Standard,25.0,2024-03-25
REG395,EV620,Tara Latif Nasser,Halabja,Standard,50.0,2026-11-06
REG396,EV821,Dashni Salam Rashid,Erbil,Standard,25.0,2026-08-16
REG397,EV621,Randa Farhad Karim,Duhok,Student,40.0,2025-08-29
REG398,EV143,Farhad Mustafa Nuri,Sulaymaniyah,Runner,15.0,2025-03-04
REG399,EV994,Rebaz Jamal Said,Duhok,General,60.0,2026-05-01
REG400,EV845,Yara Hama Othman,Duhok,Professional,60.0,2026-08-11
REG401,EV282,Saman Aziz Ahmad,Zakho,General,100.0,2025-11-11
REG402,EV378,Rebaz Jalal Omar,Duhok,Free,0.0,2024-09-20
REG403,EV765,Dara Mohammed Ahmad,Sulaymaniyah,Participant,25.0,2024-11-06
REG404,EV628,Baran Rizgar Rashid,Zakho,General,20.0,2026-05-11
REG405,EV603,Pishtiwan Aryan Omar,Duhok,Professional,35.0,2024-06-27
REG406,EV472,Narin Dara Said,Halabja,Standard,35.0,2026-07-13
REG407,EV641,Dara Mohammed Karim,Halabja,Student,50.0,2025-11-08
REG408,EV746,Dilan Fuad Ali,Halabja,Student,25.0,2026-08-25
REG409,EV020,Yara Saber Said,Halabja,Standard,50.0,2025-02-17
REG410,EV905,Shilan Hama Taha,Halabja,Student,15.0,2024-05-03
REG411,EV198,Vian Karim Saeed,Erbil,Runner,100.0,2024-08-17
REG412,EV499,Hawkar Kamaran Omar,Halabja,Standard,35.0,2026-07-27
REG413,EV259,Saman Farhad Saeed,Halabja,Professional,50.0,2024-10-25
REG414,EV125,Azad Nawzad Ahmad,Sulaymaniyah,Student,5.0,2024-11-07
REG415,EV358,Dashni Ihsan Salih,Sulaymaniyah,Participant,20.0,2026-10-16
REG416,EV325,Xezal Salam Salih,Duhok,VIP,40.0,2026-09-08
REG417,EV818,Yara Rizgar Ali,Halabja,Free,0.0,2024-06-16
REG418,EV997,Zhyan Salam Faris,Zakho,VIP,35.0,2026-08-02
REG419,EV911,Bestun Nawzad Karimi,Erbil,Student,80.0,2024-02-17
REG420,EV859,Vian Rebaz Ahmad,Duhok,Participant,60.0,2026-01-22
REG421,EV284,Baran Farid Nasser,Duhok,General,100.0,2026-05-28
REG422,EV123,Narin Barzan Nuri,Duhok,Student,100.0,2025-01-10
REG423,EV237,Narin Dara Said,Zakho,Standard,80.0,2024-12-12
REG424,EV062,Narin Saber Othman,Erbil,Participant,50.0,2026-05-15
REG425,EV129,Saman Latif Kadir,Zakho,Professional,35.0,2025-04-16
REG426,EV876,Avan Jalal Nuri,Duhok,Standard,5.0,2024-11-15
REG427,EV728,Mazin Omar Rashid,Zakho,Participant,15.0,2026-10-07
REG428,EV711,Helin Raber Said,Erbil,Participant,100.0,2025-03-23
REG429,EV169,Rami Kamaran Salih,Duhok,Standard,40.0,2026-03-05
REG430,EV053,Kamaran Raber Nuri,Duhok,Participant,40.0,2025-05-12
REG431,EV890,Vian Karim Rashid,Zakho,VIP,10.0,2025-12-31
REG432,EV560,Layla Mustafa Hassan,Sulaymaniyah,Standard,20.0,2025-05-16
REG433,EV310,Dashni Dara Othman,Zakho,Standard,60.0,2026-11-21
REG434,EV045,Hawkar Sherzad Kadir,Halabja,VIP,35.0,2024-01-29
REG435,EV634,Mazin Rizgar Ahmad,Duhok,Standard,25.0,2026-07-18
REG436,EV607,Alan Mustafa Kadir,Sulaymaniyah,General,60.0,2024-06-01
REG437,EV356,Narin Saber Othman,Zakho,VIP,60.0,2025-06-20
REG438,EV580,Dilan Barzan Nuri,Halabja,VIP,100.0,2026-02-27
REG439,EV130,Lana Nawzad Hassan,Duhok,Professional,25.0,2026-06-23
REG440,EV836,Dashni Omar Othman,Halabja,Runner,20.0,2026-06-05
REG441,EV234,Baran Barzan Hasan,Duhok,Runner,5.0,2024-02-08
REG442,EV391,Tara Aryan Omar,Sulaymaniyah,Participant,10.0,2025-05-27
REG443,EV424,Karwan Hama Karim,Halabja,Standard,5.0,2024-10-26
REG444,EV296,Tara Hama Mustafa,Zakho,Participant,10.0,2026-03-16
REG445,EV334,Sardar Sherzad Mustafa,Erbil,Standard,15.0,2026-11-10
REG446,EV931,Rozhan Mohammed Tahir,Zakho,Participant,15.0,2025-03-20
REG447,EV05,Karwan Farid Rashid,Duhok,Student,15.0,2024-01-02
REG448,EV288,Tara Farhad Karim,Halabja,Runner,15.0,2026-01-10
REG449,EV698,Kamaran Mustafa Said,Erbil,Professional,25.0,2026-04-20
REG450,EV753,Naz Mustafa Salih,Duhok,General,15.0,2026-09-20
REG451,EV115,Sardar Hama Saeed,Erbil,Professional,5.0,2024-01-08
REG452,EV405,Kamaran Omar Qadir,Duhok,Standard,60.0,2024-06-11
REG453,EV744,Layla Jamal Omar,Halabja,VIP,60.0,2025-04-13
REG454,EV326,Azad Jalal Ahmad,Sulaymaniyah,Standard,5.0,2024-02-17
REG455,EV886,Shilan Jalal Kadir,Sulaymaniyah,Professional,25.0,2024-02-28
REG456,EV900,Rami Farhad Omar,Sulaymaniyah,Participant,60.0,2026-12-29
REG457,EV106,Hawkar Rebaz Rashid,Halabja,Runner,20.0,2026-12-07
REG458,EV222,Randa Omar Omar,Duhok,Professional,10.0,2026-07-22
REG459,EV02,Rami Latif Taha,Erbil,VIP,80.0,2025-10-16
REG460,EV418,Dara Fuad Karim,Halabja,VIP,100.0,2024-04-06
REG461,EV220,Kavar Jamal Salih,Zakho,Runner,60.0,2025-03-27
REG462,EV154,Sardar Aryan Said,Duhok,Participant,25.0,2026-10-06
REG463,EV350,Farhad Ihsan Nasser,Zakho,Professional,15.0,2026-08-23
REG464,EV357,Jalal Raber Mustafa,Zakho,Student,15.0,2025-05-26
REG465,EV449,Pishtiwan Raber Mahmoud,Zakho,Participant,40.0,2026-10-04
REG466,EV752,Shilan Sherzad Saeed,Zakho,Free,0.0,2025-09-14
REG467,EV134,Shilan Saeed Qadir,Zakho,General,50.0,2024-08-31
REG468,EV426,Sardar Barzan Kadir,Zakho,Participant,10.0,2025-11-12
REG469,EV583,Yara Salam Salih,Zakho,Participant,100.0,2025-08-24
REG470,EV669,Zhyan Hama Ahmad,Sulaymaniyah,Standard,35.0,2025-03-08
REG471,EV888,Karwan Rebaz Hasan,Duhok,Runner,40.0,2025-07-08
REG472,EV577,Sardar Barzan Kadir,Erbil,Participant,35.0,2025-11-19
REG473,EV722,Narin Jalal Hassan,Duhok,General,80.0,2024-06-10
REG474,EV07,Vian Hama Nuri,Halabja,Free,0.0,2026-12-30
REG475,EV948,Baran Jamal Hasan,Halabja,Runner,40.0,2024-02-05
REG476,EV360,Chnar Jalal Taha,Halabja,Participant,10.0,2026-10-07
REG477,EV198,Bestun Nawzad Karimi,Erbil,Participant,100.0,2026-02-22
REG478,EV436,Kavar Saeed Hama,Zakho,Participant,100.0,2026-11-08
REG479,EV073,Kavar Nawzad Mustafa,Erbil,Student,100.0,2026-08-25
REG480,EV735,Rami Rebaz Mustafa,Zakho,General,5.0,2026-10-11
REG481,EV757,Dara Saeed Hama,Zakho,Professional,10.0,2025-11-05
REG482,EV847,Rozhan Saeed Said,Duhok,Standard,20.0,2024-04-03
REG483,EV508,Mazin Fuad Aziz,Duhok,Standard,80.0,2026-10-09
REG484,EV430,Rami Nawzad Qadir,Erbil,Runner,60.0,2024-11-09
REG485,EV546,Nawzad Raber Hama,Duhok,Runner,80.0,2024-07-14
REG486,EV426,Saman Sherzad Mahmoud,Zakho,VIP,10.0,2025-05-04
REG487,EV780,Avan Omar Ali,Zakho,General,100.0,2026-12-07
REG488,EV369,Aryan Raber Said,Erbil,General,50.0,2024-10-14
REG489,EV872,Aryan Farhad Hama,Erbil,Standard,80.0,2026-05-11
REG490,EV108,Baran Saeed Salih,Sulaymaniyah,Professional,35.0,2024-04-10
REG491,EV860,Nawzad Fuad Hasan,Duhok,Participant,20.0,2026-07-14
REG492,EV750,Zeynep Rizgar Karimi,Sulaymaniyah,VIP,50.0,2025-08-16
REG493,EV905,Dilan Mustafa Mustafa,Halabja,General,15.0,2024-04-04
REG494,EV546,Pishtiwan Aziz Omar,Duhok,Participant,80.0,2025-08-18
REG495,EV587,Salih Aryan Kadir,Zakho,General,10.0,2024-02-17
REG496,EV494,Sardar Mustafa Rashid,Sulaymaniyah,Free,0.0,2026-09-08
REG497,EV714,Kavar Ihsan Othman,Zakho,Standard,20.0,2025-06-09
REG498,EV911,Avan Karim Hassan,Erbil,Professional,80.0,2026-01-03
REG499,EV048,Tara Latif Nasser,Duhok,Free,0.0,2025-06-30
REG500,EV687,Azad Saeed Taha,Halabja,Professional,10.0,2026-05-27
REG501,EV763,Rebaz Hama Kadir,Sulaymaniyah,General,80.0,2025-12-07
REG502,EV270,Yara Hama Othman,Duhok,Student,5.0,2025-03-09
REG503,EV218,Kavar Kamaran Othman,Duhok,VIP,10.0,2025-05-27
REG504,EV198,Salih Bakr Nasser,Erbil,VIP,100.0,2026-05-24
REG505,EV594,Jalal Jalal Faris,Erbil,Student,60.0,2024-07-31
REG506,EV886,Baran Barzan Hasan,Sulaymaniyah,Standard,25.0,2026-01-08
REG507,EV588,Zhyan Hama Karim,Duhok,VIP,5.0,2026-07-13
REG508,EV642,Salih Barzan Kadir,Zakho,General,80.0,2024-08-18
REG509,EV574,Dara Mohammed Omar,Sulaymaniyah,Participant,5.0,2024-01-30
REG510,EV946,Azad Dara Othman,Zakho,Student,20.0,2025-01-10
REG511,EV380,Zeynep Barzan Qadir,Erbil,Standard,60.0,2026-05-20
REG512,EV209,Yara Bakr Karim,Duhok,Professional,15.0,2025-09-11
REG513,EV348,Rozhan Farhad Mahmoud,Zakho,Participant,100.0,2024-01-09
REG514,EV602,Pishtiwan Salam Karimi,Halabja,Student,50.0,2026-11-03
REG515,EV585,Aryan Karim Hassan,Erbil,Standard,100.0,2026-06-11
REG516,EV885,Randa Raber Rashid,Zakho,Runner,40.0,2026-10-06
REG517,EV882,Lana Farhad Tahir,Erbil,Student,20.0,2026-08-26
REG518,EV100,Kamaran Jamal Nasser,Zakho,VIP,20.0,2025-04-05
REG519,EV769,Zhyan Nawzad Qadir,Duhok,Student,50.0,2026-01-08
REG520,EV493,Fuad Farid Mustafa,Sulaymaniyah,Student,50.0,2025-04-01
REG521,EV020,Nawzad Sherzad Qadir,Halabja,Student,50.0,2024-11-12
REG522,EV675,Pishtiwan Farid Nasser,Halabja,Student,50.0,2025-10-17
REG523,EV164,Kavar Fuad Omar,Halabja,Runner,35.0,2025-06-30
REG524,EV319,Kamaran Hama Taha,Erbil,General,5.0,2026-01-29
REG525,EV925,Zeynep Salam Saeed,Zakho,Student,10.0,2026-08-10
REG526,EV128,Avan Jalal Hama,Zakho,VIP,100.0,2024-09-18
REG527,EV147,Nawzad Salam Hama,Zakho,Free,0.0,2024-09-02
REG528,EV455,Bestun Ihsan Nuri,Duhok,Professional,10.0,2024-05-23
REG529,EV210,Jalal Mohammed Hassan,Duhok,Professional,10.0,2024-04-03
REG530,EV783,Kavar Saber Rashid,Erbil,General,10.0,2025-09-04
REG531,EV948,Helin Rebaz Hasan,Halabja,General,40.0,2026-08-28
REG532,EV259,Layla Aryan Tahir,Halabja,Participant,50.0,2025-02-20
REG533,EV261,Tara Saeed Karim,Erbil,Runner,10.0,2026-07-28
REG534,EV910,Nawzad Hama Hama,Duhok,Runner,35.0,2025-06-30
REG535,EV116,Alan Aryan Taha,Halabja,Standard,100.0,2025-01-10
REG536,EV398,Yara Saber Karimi,Sulaymaniyah,Participant,40.0,2024-12-25
REG537,EV763,Avan Jalal Hama,Sulaymaniyah,General,80.0,2025-08-05
REG538,EV722,Tara Bakr Nasser,Duhok,Student,80.0,2024-04-24
REG539,EV153,Alan Saber Karimi,Sulaymaniyah,Participant,50.0,2025-03-21
REG540,EV577,Randa Raber Karimi,Erbil,Participant,35.0,2025-01-30
REG541,EV487,Hawkar Omar Aziz,Zakho,Runner,50.0,2025-02-22
REG542,EV648,Hawkar Jamal Tahir,Sulaymaniyah,Student,60.0,2025-12-04
REG543,EV912,Tara Farhad Nuri,Halabja,General,60.0,2024-03-09
REG544,EV994,Kavar Nawzad Hama,Duhok,Participant,60.0,2024-02-06
REG545,EV265,Zeynep Mustafa Said,Zakho,Participant,10.0,2024-07-19
REG546,EV562,Layla Saber Hama,Halabja,Professional,100.0,2024-05-25
REG547,EV129,Shilan Farhad Mahmoud,Zakho,VIP,35.0,2024-10-11
REG548,EV339,Nawzad Raber Hama,Duhok,General,40.0,2025-05-01
REG549,EV183,Narin Kamaran Hama,Halabja,General,10.0,2025-07-18
REG550,EV375,Layla Farid Mahmoud,Sulaymaniyah,Student,40.0,2026-05-14
REG551,EV906,Dashni Nawzad Faris,Zakho,Professional,60.0,2026-09-26
REG552,EV786,Randa Jalal Othman,Zakho,General,50.0,2024-06-09
REG553,EV828,Dilan Nawzad Nasser,Erbil,General,40.0,2026-05-07
REG554,EV598,Rebaz Hama Rashid,Halabja,Free,0.0,2024-10-05
REG555,EV788,Salih Omar Ali,Zakho,General,50.0,2024-08-09
REG556,EV696,Zeynep Saber Othman,Duhok,Professional,25.0,2026-12-06
REG557,EV975,Rozhan Rizgar Aziz,Sulaymaniyah,Student,25.0,2024-04-12
REG558,EV512,Chnar Sherzad Hasan,Halabja,Free,0.0,2026-10-05
REG559,EV241,Narin Raber Hasan,Duhok,General,20.0,2025-05-01
REG560,EV634,Dara Bakr Aziz,Duhok,Professional,25.0,2024-10-24
REG561,EV124,Layla Farid Nasser,Halabja,Student,15.0,2025-12-18
REG562,EV952,Rozhan Mohammed Tahir,Duhok,Professional,80.0,2026-12-13
REG563,EV313,Azad Farid Hassan,Duhok,General,35.0,2024-08-11
REG564,EV580,Rami Omar Ali,Halabja,Professional,100.0,2024-11-29
REG565,EV340,Chnar Rebaz Qadir,Zakho,Runner,50.0,2024-07-09
REG566,EV528,Dashni Saeed Aziz,Erbil,Free,0.0,2025-09-19
REG567,EV112,Rebaz Ihsan Rashid,Sulaymaniyah,Participant,10.0,2024-02-19
REG568,EV223,Farhad Latif Othman,Erbil,Free,0.0,2026-09-09
REG569,EV924,Nawzad Kamaran Aziz,Sulaymaniyah,General,5.0,2026-07-18
REG570,EV039,Fuad Rizgar Omar,Sulaymaniyah,VIP,10.0,2026-12-20
REG571,EV736,Xezal Fuad Hama,Duhok,Standard,35.0,2026-04-12
REG572,EV681,Bestun Rizgar Taha,Erbil,Runner,100.0,2024-08-30
REG573,EV767,Vian Bakr Said,Halabja,Standard,35.0,2024-07-24
REG574,EV730,Rami Sherzad Taha,Erbil,Participant,10.0,2025-01-16
REG575,EV182,Salih Farhad Hasan,Halabja,Student,40.0,2026-10-05
REG576,EV798,Rebaz Farid Saeed,Halabja,Student,35.0,2024-03-25
REG577,EV051,Kavar Nawzad Mustafa,Zakho,Standard,60.0,2026-05-26
REG578,EV449,Xezal Farid Nuri,Zakho,General,40.0,2026-04-08
REG579,EV216,Layla Rizgar Aziz,Halabja,Runner,50.0,2026-05-31
REG580,EV530,Shilan Barzan Hama,Erbil,Participant,10.0,2024-05-09
REG581,EV037,Lana Rebaz Nasser,Duhok,Participant,15.0,2026-10-04
REG582,EV795,Zeynep Mustafa Said,Duhok,Professional,35.0,2025-01-15
REG583,EV635,Xezal Aziz Tahir,Halabja,General,60.0,2026-10-05
REG584,EV217,Zeynep Salam Karimi,Sulaymaniyah,Professional,40.0,2026-01-04
REG585,EV426,Kavar Nawzad Tahir,Zakho,Professional,10.0,2026-06-25
REG586,EV152,Kavar Fuad Hassan,Erbil,Professional,25.0,2024-07-11
REG587,EV974,Dilan Aryan Ali,Erbil,Standard,40.0,2026-11-22
REG588,EV257,Kavar Omar Othman,Halabja,Standard,60.0,2026-05-27
REG589,EV08,Baran Rizgar Tahir,Zakho,Standard,10.0,2024-03-22
REG590,EV640,Naz Saber Kadir,Halabja,General,5.0,2026-10-10
REG591,EV474,Naz Sherzad Rashid,Halabja,Professional,60.0,2026-10-31
REG592,EV468,Layla Aziz Saeed,Duhok,Standard,10.0,2026-01-03
REG593,EV239,Avan Kamaran Aziz,Halabja,VIP,100.0,2024-10-14
REG594,EV846,Aryan Saeed Nasser,Duhok,VIP,10.0,2026-01-29
REG595,EV828,Dilan Farid Ahmad,Erbil,Student,40.0,2025-10-31
REG596,EV471,Hawkar Aryan Qadir,Zakho,Runner,15.0,2026-02-06
REG597,EV525,Naz Bakr Salih,Sulaymaniyah,Participant,35.0,2026-09-03
REG598,EV159,Dashni Niyaz Omar,Duhok,Standard,60.0,2026-05-12
REG599,EV448,Aryan Omar Tahir,Zakho,Standard,25.0,2025-10-22
REG600,EV702,Aryan Salam Kadir,Halabja,Free,0.0,2026-12-29
REG601,EV974,Fuad Salam Mustafa,Erbil,Participant,40.0,2025-04-16
REG602,EV613,Wrya Salam Kadir,Sulaymaniyah,VIP,80.0,2025-12-10
REG603,EV173,Salih Karim Tahir,Erbil,Professional,35.0,2024-12-12
REG604,EV113,Xezal Ihsan Kadir,Duhok,Standard,10.0,2024-06-06
REG605,EV940,Dilan Karim Tahir,Erbil,Free,0.0,2025-12-11
REG606,EV610,Dara Aryan Karimi,Zakho,Student,35.0,2025-07-29
REG607,EV190,Mazin Mustafa Kadir,Erbil,Professional,100.0,2024-08-01
REG608,EV252,Salih Jalal Rashid,Duhok,Professional,20.0,2024-12-02
REG609,EV521,Azad Karim Taha,Sulaymaniyah,Participant,50.0,2026-02-08
REG610,EV326,Helin Nawzad Mahmoud,Sulaymaniyah,General,5.0,2025-10-23
REG611,EV734,Tara Bakr Nasser,Halabja,Standard,20.0,2026-04-14
REG612,EV992,Mazin Farhad Said,Erbil,General,80.0,2026-02-21
REG613,EV126,Kavar Ihsan Faris,Duhok,Free,0.0,2026-02-09
REG614,EV828,Dara Aziz Saeed,Erbil,Standard,40.0,2026-03-20
REG615,EV673,Vian Rebaz Hassan,Erbil,Student,60.0,2026-09-17
REG616,EV460,Vian Barzan Hama,Erbil,Participant,80.0,2024-12-18
REG617,EV03,Tara Saeed Karim,Sulaymaniyah,General,20.0,2026-11-15
REG618,EV670,Rozhan Mohammed Nasser,Sulaymaniyah,Runner,50.0,2024-03-04
REG619,EV181,Mazin Fuad Aziz,Sulaymaniyah,General,80.0,2026-11-27
REG620,EV488,Dashni Farid Karimi,Zakho,General,25.0,2024-11-04
REG621,EV925,Layla Barzan Qadir,Zakho,Student,10.0,2026-08-05
REG622,EV113,Azad Omar Kadir,Duhok,Runner,10.0,2025-03-16
REG623,EV211,Vian Barzan Hama,Duhok,Runner,25.0,2025-03-13
REG624,EV894,Baran Farhad Karim,Sulaymaniyah,General,15.0,2024-05-25
REG625,EV682,Fuad Mustafa Saeed,Duhok,Standard,60.0,2025-03-22
REG626,EV150,Kamaran Nawzad Said,Zakho,Runner,80.0,2026-09-28
REG627,EV944,Baran Sherzad Qadir,Halabja,Student,60.0,2025-05-17
REG628,EV510,Aryan Saeed Salih,Zakho,Runner,25.0,2024-11-25
REG629,EV049,Dilan Mohammed Saeed,Duhok,Participant,10.0,2024-07-27
REG630,EV638,Saman Omar Mahmoud,Sulaymaniyah,General,20.0,2025-08-05
REG631,EV278,Rozhan Ihsan Mahmoud,Zakho,Student,15.0,2026-04-16
REG632,EV887,Kamaran Aziz Othman,Erbil,Participant,15.0,2025-05-08
REG633,EV136,Shilan Ihsan Tahir,Duhok,Professional,80.0,2025-06-17
REG634,EV857,Fuad Fuad Kadir,Sulaymaniyah,Participant,35.0,2024-08-18
REG635,EV384,Kavar Jalal Salih,Erbil,Professional,5.0,2026-08-09
REG636,EV383,Randa Aziz Hama,Sulaymaniyah,Standard,20.0,2026-12-06
REG637,EV026,Shilan Fuad Salih,Zakho,Free,0.0,2026-09-29
REG638,EV252,Karwan Farhad Salih,Duhok,Participant,20.0,2026-05-19
REG639,EV640,Mazin Raber Salih,Halabja,Standard,5.0,2025-03-04
REG640,EV929,Baran Salam Tahir,Zakho,Free,0.0,2026-12-20
REG641,EV362,Dashni Farid Tahir,Sulaymaniyah,Runner,10.0,2026-01-21
REG642,EV253,Tara Rizgar Ahmad,Sulaymaniyah,VIP,15.0,2026-01-24
REG643,EV322,Chnar Salam Othman,Zakho,Runner,50.0,2024-12-29
REG644,EV195,Zhyan Kamaran Karimi,Sulaymaniyah,Professional,60.0,2024-10-10
REG645,EV328,Kavar Barzan Rashid,Halabja,General,10.0,2024-09-07
REG646,EV888,Sardar Nawzad Said,Duhok,Professional,40.0,2025-04-07
REG647,EV106,Dara Sherzad Rashid,Halabja,Student,20.0,2026-12-10
REG648,EV351,Dara Barzan Mustafa,Erbil,General,15.0,2024-06-24
REG649,EV198,Zhyan Jamal Qadir,Erbil,Standard,100.0,2024-04-02
REG650,EV882,Chnar Saber Mahmoud,Erbil,Runner,20.0,2024-06-27
REG651,EV327,Farhad Karim Mahmoud,Sulaymaniyah,Professional,35.0,2025-01-07
REG652,EV116,Kavar Hama Nuri,Halabja,VIP,100.0,2024-03-20
REG653,EV016,Helin Dara Kadir,Sulaymaniyah,Participant,20.0,2026-11-04
REG654,EV070,Rami Aryan Mustafa,Sulaymaniyah,Professional,50.0,2024-07-11
REG655,EV864,Jalal Kamaran Saeed,Sulaymaniyah,General,60.0,2026-08-01
REG656,EV621,Dilan Barzan Hama,Duhok,Participant,40.0,2026-10-23
REG657,EV144,Rebaz Barzan Qadir,Sulaymaniyah,Runner,40.0,2026-01-21
REG658,EV617,Salih Jamal Tahir,Halabja,Participant,40.0,2026-12-29
REG659,EV765,Nawzad Bakr Othman,Sulaymaniyah,Student,25.0,2024-04-28
REG660,EV561,Nawzad Fuad Hasan,Sulaymaniyah,Free,0.0,2025-01-05
REG661,EV275,Tara Mustafa Ali,Halabja,Free,0.0,2024-01-30
REG662,EV936,Xezal Latif Kadir,Erbil,Professional,60.0,2025-04-29
REG663,EV848,Jalal Hama Taha,Erbil,General,40.0,2025-04-30
REG664,EV213,Chnar Fuad Tahir,Halabja,Standard,100.0,2025-10-24
REG665,EV466,Karwan Farid Ahmad,Duhok,Student,35.0,2024-12-27
REG666,EV738,Rebaz Nawzad Hama,Halabja,Standard,80.0,2026-11-22
REG667,EV318,Naz Salam Salih,Zakho,Participant,35.0,2024-10-24
REG668,EV689,Dilan Kamaran Kadir,Zakho,Standard,40.0,2024-09-25
REG669,EV017,Zeynep Saeed Ahmad,Halabja,Student,100.0,2024-03-21
REG670,EV090,Yara Dara Rashid,Erbil,Student,35.0,2025-03-29
REG671,EV228,Zeynep Aziz Ali,Sulaymaniyah,Participant,15.0,2024-03-25
REG672,EV647,Helin Mustafa Othman,Zakho,VIP,25.0,2026-10-16
REG673,EV985,Shilan Fuad Mahmoud,Sulaymaniyah,Runner,60.0,2025-02-22
REG674,EV679,Farhad Aziz Saeed,Halabja,Professional,40.0,2025-02-05
REG675,EV193,Zhyan Jamal Qadir,Halabja,General,50.0,2025-09-25
REG676,EV167,Sardar Barzan Kadir,Duhok,Professional,20.0,2025-05-15
REG677,EV092,Azad Mohammed Aziz,Halabja,VIP,50.0,2024-04-18
REG678,EV430,Yara Mohammed Ahmad,Erbil,Participant,60.0,2026-04-14
REG679,EV984,Naz Omar Othman,Erbil,Professional,60.0,2025-03-08
REG680,EV443,Randa Karim Tahir,Zakho,Runner,15.0,2024-12-21
REG681,EV753,Xezal Mohammed Hama,Duhok,Participant,15.0,2026-06-06
REG682,EV252,Pishtiwan Omar Hassan,Duhok,Participant,20.0,2026-02-11
REG683,EV615,Hawkar Karim Qadir,Sulaymaniyah,Runner,5.0,2024-06-09
REG684,EV465,Randa Jamal Nuri,Halabja,Standard,20.0,2024-07-02
REG685,EV249,Narin Raber Mustafa,Halabja,Professional,80.0,2026-01-25
REG686,EV693,Hawkar Fuad Karimi,Sulaymaniyah,General,60.0,2024-03-04
REG687,EV040,Narin Barzan Aziz,Zakho,General,20.0,2025-11-12
REG688,EV566,Narin Salam Omar,Duhok,Student,40.0,2024-08-18
REG689,EV111,Narin Mustafa Nuri,Sulaymaniyah,VIP,100.0,2025-09-04
REG690,EV775,Kavar Saeed Hama,Erbil,VIP,60.0,2024-10-08
REG691,EV258,Pishtiwan Salam Ahmad,Zakho,Participant,25.0,2025-11-21
REG692,EV755,Zhyan Farhad Aziz,Halabja,Runner,80.0,2026-01-09
REG693,EV884,Yara Salam Hasan,Duhok,Standard,10.0,2024-02-03
REG694,EV452,Dashni Hama Omar,Erbil,Professional,15.0,2025-10-04
REG695,EV693,Shilan Jalal Taha,Sulaymaniyah,Runner,60.0,2024-05-28
REG696,EV861,Azad Dara Hama,Zakho,General,80.0,2024-01-11
REG697,EV304,Mazin Nawzad Nuri,Duhok,Student,10.0,2026-09-07
REG698,EV141,Randa Kamaran Aziz,Halabja,VIP,35.0,2026-10-08
REG699,EV362,Kavar Karim Saeed,Sulaymaniyah,General,10.0,2026-07-26
REG700,EV203,Chnar Mustafa Hassan,Zakho,Professional,50.0,2025-06-20
REG701,EV358,Helin Mustafa Othman,Sulaymaniyah,Standard,20.0,2025-12-25
REG702,EV424,Wrya Rebaz Karim,Halabja,Professional,5.0,2026-07-12
REG703,EV683,Yara Bakr Karim,Zakho,Runner,40.0,2024-12-10
REG704,EV074,Salih Karim Mahmoud,Erbil,Student,40.0,2026-07-16
REG705,EV910,Kavar Karim Ahmad,Duhok,Professional,35.0,2024-10-30
REG706,EV389,Salih Salam Faris,Sulaymaniyah,Standard,100.0,2024-12-13
REG707,EV884,Xezal Aryan Mahmoud,Duhok,General,10.0,2024-05-13
REG708,EV823,Wrya Sherzad Mustafa,Duhok,Runner,100.0,2025-11-02
REG709,EV071,Jalal Saeed Rashid,Duhok,Runner,80.0,2026-06-19
REG710,EV238,Sardar Bakr Karimi,Erbil,Professional,25.0,2025-11-25
REG711,EV055,Baran Latif Karim,Erbil,Professional,60.0,2024-07-23
REG712,EV497,Dilan Barzan Mahmoud,Duhok,Professional,80.0,2026-12-05
REG713,EV933,Yara Sherzad Faris,Halabja,Free,0.0,2024-09-23
REG714,EV226,Dilan Fuad Karim,Sulaymaniyah,Free,0.0,2024-10-07
REG715,EV156,Wrya Ihsan Rashid,Zakho,Standard,40.0,2025-02-06
REG716,EV301,Avan Sherzad Othman,Halabja,Standard,40.0,2024-04-26
REG717,EV929,Shilan Sherzad Mahmoud,Zakho,Free,0.0,2024-10-24
REG718,EV976,Baran Ihsan Hassan,Erbil,Student,40.0,2025-11-23
REG719,EV220,Dilan Jalal Nasser,Zakho,Student,60.0,2026-08-19
REG720,EV999,Dashni Saber Taha,Sulaymaniyah,Free,0.0,2024-10-28
REG721,EV292,Zhyan Hama Mahmoud,Zakho,VIP,50.0,2025-07-05
REG722,EV905,Saman Mohammed Faris,Halabja,Standard,15.0,2025-11-25
REG723,EV104,Shilan Ihsan Tahir,Duhok,Professional,15.0,2025-07-30
REG724,EV648,Mazin Latif Karim,Sulaymaniyah,Participant,60.0,2026-01-02
REG725,EV346,Salih Aziz Karimi,Duhok,Standard,20.0,2026-01-02
REG726,EV480,Salih Mohammed Qadir,Halabja,Student,10.0,2024-11-10
REG727,EV837,Narin Mustafa Qadir,Duhok,Participant,60.0,2025-09-19
REG728,EV631,Layla Farid Nasser,Sulaymaniyah,Professional,50.0,2026-11-28
REG729,EV720,Helin Mustafa Rashid,Halabja,Professional,60.0,2024-06-28
REG730,EV358,Baran Latif Saeed,Sulaymaniyah,Professional,20.0,2025-03-18
REG731,EV250,Shilan Latif Omar,Erbil,Professional,60.0,2024-08-08
REG732,EV970,Yara Bakr Mahmoud,Duhok,Free,0.0,2025-08-10
REG733,EV360,Mazin Raber Salih,Halabja,Runner,10.0,2024-03-28
REG734,EV469,Rebaz Mustafa Mahmoud,Halabja,Participant,35.0,2024-06-30
REG735,EV971,Shilan Barzan Hama,Halabja,General,10.0,2025-09-11
REG736,EV498,Saman Mohammed Saeed,Duhok,Student,50.0,2024-12-09
REG737,EV500,Helin Aziz Othman,Duhok,Standard,20.0,2024-04-18
REG738,EV856,Randa Aziz Said,Erbil,Student,60.0,2024-12-01
REG739,EV814,Sardar Karim Ahmad,Sulaymaniyah,VIP,50.0,2026-01-25
REG740,EV906,Rebaz Mustafa Mahmoud,Zakho,Standard,60.0,2025-04-06
REG741,EV082,Dashni Farhad Nuri,Zakho,Standard,60.0,2026-07-22
REG742,EV972,Farhad Kamaran Said,Halabja,General,10.0,2025-11-24
REG743,EV462,Hawkar Jamal Tahir,Erbil,Runner,80.0,2026-05-02
REG744,EV04,Kavar Salam Mahmoud,Erbil,Free,0.0,2024-02-25
REG745,EV434,Zeynep Aryan Omar,Halabja,Professional,20.0,2024-02-26
REG746,EV803,Dashni Omar Hassan,Sulaymaniyah,Runner,25.0,2024-01-30
REG747,EV140,Dashni Saeed Ali,Zakho,Professional,15.0,2024-04-02
REG748,EV901,Narin Fuad Karim,Duhok,Free,0.0,2025-10-18
REG749,EV251,Chnar Jalal Omar,Erbil,Standard,25.0,2026-06-08
REG750,EV984,Farhad Aziz Saeed,Erbil,Professional,60.0,2026-04-15
REG751,EV366,Hawkar Mustafa Nasser,Duhok,Professional,80.0,2026-12-16
REG752,EV742,Xezal Mohammed Hama,Duhok,Runner,15.0,2026-08-30
REG753,EV086,Hawkar Fuad Karimi,Halabja,Free,0.0,2025-07-22
REG754,EV087,Hawkar Rizgar Aziz,Duhok,Participant,80.0,2024-07-21
REG755,EV718,Jalal Jamal Karimi,Halabja,VIP,10.0,2026-02-13
REG756,EV186,Alan Mustafa Mustafa,Erbil,Standard,50.0,2025-02-26
REG757,EV680,Naz Fuad Omar,Duhok,Participant,10.0,2026-11-28
REG758,EV277,Hawkar Sherzad Ahmad,Sulaymaniyah,Participant,50.0,2026-02-16
REG759,EV512,Dashni Omar Mustafa,Halabja,Free,0.0,2024-03-02
REG760,EV892,Nawzad Ihsan Taha,Duhok,Participant,15.0,2024-11-27
REG761,EV011,Rebaz Karim Mahmoud,Halabja,Runner,60.0,2026-01-15
REG762,EV871,Helin Omar Rashid,Sulaymaniyah,Runner,10.0,2026-01-29
REG763,EV441,Xezal Jamal Mustafa,Halabja,Professional,15.0,2024-06-20
REG764,EV924,Karwan Barzan Said,Sulaymaniyah,Runner,5.0,2024-11-04
REG765,EV808,Pishtiwan Soran Aziz,Erbil,General,80.0,2024-01-23
REG766,EV242,Bestun Rebaz Ali,Erbil,VIP,5.0,2024-03-24
REG767,EV650,Narin Hama Tahir,Duhok,Participant,60.0,2025-04-15
REG768,EV226,Lana Kamaran Mahmoud,Sulaymaniyah,Free,0.0,2026-07-11
REG769,EV798,Rami Saeed Taha,Halabja,Student,35.0,2024-05-24
REG770,EV721,Rami Karim Taha,Zakho,Standard,25.0,2026-04-11
REG771,EV333,Nawzad Salam Hasan,Sulaymaniyah,Free,0.0,2026-11-24
REG772,EV345,Helin Dara Said,Halabja,Free,0.0,2025-11-26
REG773,EV554,Lana Farhad Saeed,Halabja,Free,0.0,2026-01-18
REG774,EV488,Lana Ihsan Said,Zakho,Standard,25.0,2026-08-16
REG775,EV715,Salih Sherzad Rashid,Sulaymaniyah,VIP,20.0,2025-01-23
REG776,EV258,Narin Mustafa Qadir,Zakho,VIP,25.0,2024-10-28
REG777,EV608,Kamaran Sherzad Othman,Zakho,Professional,5.0,2024-08-11
REG778,EV082,Fuad Kamaran Omar,Zakho,Participant,60.0,2025-01-16
REG779,EV899,Saman Farhad Saeed,Zakho,Free,0.0,2025-05-02
REG780,EV502,Salih Salam Mahmoud,Erbil,Standard,40.0,2026-10-22
REG781,EV553,Zhyan Jamal Karim,Erbil,Runner,80.0,2026-08-11
REG782,EV676,Salih Salam Mahmoud,Duhok,Professional,15.0,2024-11-08
REG783,EV525,Yara Hama Othman,Sulaymaniyah,VIP,35.0,2026-03-24
REG784,EV982,Dara Hama Mahmoud,Halabja,Student,5.0,2025-08-14
REG785,EV595,Zeynep Jamal Salih,Erbil,General,10.0,2024-02-28
REG786,EV920,Layla Jalal Saeed,Duhok,Professional,50.0,2024-07-14
REG787,EV982,Saman Jalal Omar,Halabja,VIP,5.0,2025-06-10
REG788,EV648,Vian Bakr Said,Sulaymaniyah,Standard,60.0,2025-02-12
REG789,EV061,Hawkar Fuad Karimi,Sulaymaniyah,Professional,50.0,2025-11-29
REG790,EV601,Shilan Sherzad Ahmad,Zakho,Participant,15.0,2026-09-30
REG791,EV767,Aryan Saeed Aziz,Halabja,Standard,35.0,2025-04-10
REG792,EV819,Dilan Latif Omar,Halabja,Participant,20.0,2025-04-22
REG793,EV156,Kavar Saber Rashid,Zakho,Participant,40.0,2024-03-27
REG794,EV421,Jalal Saber Karimi,Halabja,Student,5.0,2024-04-26
REG795,EV769,Kavar Omar Aziz,Duhok,Standard,50.0,2025-02-23
REG796,EV585,Salih Nawzad Nasser,Erbil,Professional,100.0,2025-04-29
REG797,EV02,Kavar Saber Ali,Erbil,Professional,80.0,2024-10-11
REG798,EV752,Avan Rebaz Hama,Zakho,Free,0.0,2025-01-23
REG799,EV888,Lana Aryan Saeed,Duhok,VIP,40.0,2025-02-23
REG800,EV816,Aryan Saeed Nasser,Erbil,Standard,10.0,2025-11-16
REG801,EV719,Wrya Farhad Taha,Erbil,General,10.0,2024-11-30
REG802,EV844,Helin Latif Ahmad,Halabja,Standard,10.0,2026-02-25
REG803,EV348,Rozhan Kamaran Said,Zakho,General,100.0,2025-08-25
REG804,EV420,Nawzad Fuad Hasan,Halabja,Student,100.0,2026-01-07
REG805,EV370,Yara Farhad Mahmoud,Duhok,Runner,35.0,2024-01-15
REG806,EV220,Azad Raber Salih,Zakho,Professional,60.0,2025-07-26
REG807,EV326,Rebaz Rizgar Aziz,Sulaymaniyah,Professional,5.0,2026-09-05
REG808,EV315,Alan Rizgar Othman,Sulaymaniyah,Professional,15.0,2026-09-09
REG809,EV380,Salih Aziz Rashid,Erbil,Runner,60.0,2024-11-12
REG810,EV487,Aryan Kamaran Qadir,Zakho,Professional,50.0,2026-02-15
REG811,EV057,Karwan Aryan Faris,Sulaymaniyah,Free,0.0,2024-12-19
REG812,EV062,Nawzad Fuad Hasan,Erbil,Student,50.0,2024-07-04
REG813,EV158,Dashni Karim Hassan,Duhok,General,100.0,2025-07-08
REG814,EV781,Alan Ihsan Rashid,Zakho,Professional,80.0,2025-12-17
REG815,EV027,Baran Jamal Karim,Duhok,Participant,100.0,2026-08-04
REG816,EV959,Nawzad Sherzad Tahir,Erbil,Professional,15.0,2026-07-13
REG817,EV315,Saman Rebaz Kadir,Sulaymaniyah,Participant,15.0,2026-06-22
REG818,EV564,Kavar Saber Rashid,Duhok,Professional,5.0,2024-07-22
REG819,EV957,Randa Kamaran Aziz,Zakho,Runner,35.0,2026-05-06
REG820,EV295,Bestun Ihsan Nuri,Duhok,Professional,50.0,2026-09-21
REG821,EV259,Tara Rizgar Mustafa,Halabja,Professional,50.0,2026-07-31
REG822,EV827,Avan Jalal Hama,Erbil,VIP,5.0,2025-09-19
REG823,EV972,Dara Salam Kadir,Halabja,Professional,10.0,2024-06-30
REG824,EV444,Zeynep Saber Said,Sulaymaniyah,Standard,60.0,2026-09-16
REG825,EV573,Avan Rebaz Hama,Sulaymaniyah,Free,0.0,2026-03-17
REG826,EV899,Aryan Saber Othman,Zakho,Free,0.0,2026-10-04
REG827,EV880,Vian Salam Mustafa,Halabja,Free,0.0,2026-02-23
REG828,EV152,Dashni Sherzad Karim,Erbil,Student,25.0,2024-03-28
REG829,EV442,Vian Jalal Mustafa,Erbil,Student,10.0,2026-01-27
REG830,EV360,Rozhan Farhad Mahmoud,Halabja,General,10.0,2024-05-02
REG831,EV254,Farhad Sherzad Rashid,Sulaymaniyah,VIP,15.0,2026-06-09
REG832,EV154,Karwan Aryan Faris,Duhok,Standard,25.0,2026-04-12
REG833,EV967,Farhad Rizgar Hassan,Sulaymaniyah,Runner,10.0,2024-11-29
REG834,EV571,Lana Farhad Hama,Zakho,Participant,100.0,2025-08-12
REG835,EV832,Kavar Karim Saeed,Sulaymaniyah,Standard,25.0,2024-05-30
REG836,EV884,Rebaz Saeed Ali,Duhok,General,10.0,2025-10-13
REG837,EV799,Helin Sherzad Hama,Halabja,Participant,50.0,2026-12-16
REG838,EV156,Chnar Aziz Hasan,Zakho,General,40.0,2026-01-09
REG839,EV654,Avan Fuad Aziz,Erbil,Runner,15.0,2024-10-09
REG840,EV723,Salih Latif Aziz,Erbil,Participant,40.0,2026-06-18
REG841,EV189,Fuad Hama Ali,Zakho,Professional,80.0,2025-07-18
REG842,EV662,Salih Saeed Faris,Sulaymaniyah,Standard,40.0,2025-09-05
REG843,EV989,Farhad Mustafa Mahmoud,Duhok,Standard,25.0,2025-09-18
REG844,EV781,Nawzad Aziz Ahmad,Zakho,VIP,80.0,2026-10-31
REG845,EV914,Bestun Raber Said,Duhok,Runner,20.0,2025-02-20
REG846,EV526,Pishtiwan Aryan Nasser,Erbil,VIP,15.0,2026-05-28
REG847,EV595,Vian Latif Qadir,Erbil,Runner,10.0,2026-06-15
REG848,EV720,Helin Mustafa Othman,Halabja,VIP,60.0,2024-10-22
REG849,EV914,Saman Raber Hassan,Duhok,Participant,20.0,2026-03-26
REG850,EV776,Vian Karim Othman,Zakho,Professional,50.0,2024-06-30
REG851,EV823,Rami Karim Kadir,Duhok,VIP,100.0,2026-04-08
REG852,EV804,Alan Mustafa Kadir,Duhok,Standard,15.0,2024-04-18
REG853,EV589,Bestun Mustafa Faris,Zakho,Professional,100.0,2026-02-21
REG854,EV428,Shilan Sherzad Mahmoud,Sulaymaniyah,General,50.0,2024-05-04
REG855,EV645,Alan Omar Othman,Sulaymaniyah,Student,50.0,2024-08-17
REG856,EV633,Dashni Ihsan Faris,Zakho,Professional,25.0,2024-04-11
REG857,EV023,Pishtiwan Hama Karimi,Erbil,General,25.0,2024-06-08
REG858,EV844,Avan Kamaran Mahmoud,Halabja,VIP,10.0,2025-08-31
REG859,EV869,Hawkar Sherzad Ahmad,Erbil,Standard,60.0,2024-02-24
REG860,EV633,Sardar Nawzad Mustafa,Zakho,General,25.0,2024-09-23
REG861,EV311,Lana Jamal Qadir,Sulaymaniyah,Runner,35.0,2025-09-13
REG862,EV230,Karwan Nawzad Qadir,Zakho,General,25.0,2026-05-04
REG863,EV968,Tara Raber Qadir,Erbil,Student,5.0,2025-10-14
REG864,EV662,Wrya Ihsan Rashid,Sulaymaniyah,Participant,40.0,2025-02-17
REG865,EV952,Kavar Jalal Hasan,Duhok,General,80.0,2024-12-19
REG866,EV699,Aryan Saeed Aziz,Sulaymaniyah,Participant,10.0,2025-11-07
REG867,EV952,Narin Mustafa Qadir,Duhok,Standard,80.0,2024-12-18
REG868,EV149,Dashni Aziz Hassan,Zakho,Runner,60.0,2026-12-26
REG869,EV118,Kavar Jamal Salih,Zakho,VIP,35.0,2026-08-03
REG870,EV720,Shilan Aryan Hassan,Halabja,General,60.0,2026-10-31
REG871,EV044,Pishtiwan Rebaz Qadir,Zakho,VIP,80.0,2025-09-04
REG872,EV595,Dara Ihsan Said,Erbil,VIP,10.0,2024-06-27
REG873,EV382,Kavar Jalal Karim,Sulaymaniyah,Participant,5.0,2026-12-06
REG874,EV520,Fuad Kamaran Mustafa,Erbil,Professional,10.0,2025-01-13
REG875,EV786,Rebaz Mustafa Mahmoud,Zakho,Student,50.0,2025-01-17
REG876,EV975,Rebaz Salam Said,Sulaymaniyah,Runner,25.0,2026-11-04
REG877,EV928,Lana Hama Tahir,Duhok,General,10.0,2024-08-05
REG878,EV441,Vian Farid Tahir,Halabja,Participant,15.0,2026-04-05
REG879,EV359,Hawkar Ihsan Saeed,Sulaymaniyah,Runner,15.0,2025-11-26
REG880,EV091,Zeynep Aryan Omar,Zakho,Standard,100.0,2026-08-11
REG881,EV272,Dashni Jamal Othman,Duhok,Student,40.0,2026-04-22
REG882,EV487,Dashni Bakr Tahir,Zakho,Runner,50.0,2024-04-01
REG883,EV178,Yara Raber Rashid,Erbil,Professional,50.0,2026-07-03
REG884,EV544,Farhad Kamaran Hasan,Halabja,Student,60.0,2026-07-30
REG885,EV026,Dilan Rizgar Nasser,Zakho,Free,0.0,2025-09-25
REG886,EV504,Vian Farid Hasan,Erbil,Professional,80.0,2024-07-01
REG887,EV751,Kamaran Saeed Othman,Zakho,Runner,60.0,2024-03-10
REG888,EV553,Jalal Omar Hassan,Erbil,Runner,80.0,2024-10-21
REG889,EV510,Nawzad Mustafa Hama,Zakho,Runner,25.0,2025-05-30
REG890,EV816,Mazin Sherzad Karim,Erbil,Student,10.0,2024-12-05
REG891,EV294,Rozhan Mohammed Othman,Halabja,Free,0.0,2026-03-03
REG892,EV830,Rebaz Jamal Salih,Duhok,VIP,15.0,2025-05-29
REG893,EV252,Azad Saeed Taha,Duhok,Runner,20.0,2025-10-25
REG894,EV506,Xezal Salam Salih,Duhok,General,100.0,2026-11-23
REG895,EV377,Randa Aziz Qadir,Halabja,Free,0.0,2025-05-27
REG896,EV129,Kamaran Mohammed Karim,Zakho,Professional,35.0,2026-03-17
REG897,EV895,Zeynep Aryan Mustafa,Erbil,Standard,10.0,2024-09-07
REG898,EV632,Tara Bakr Nasser,Zakho,VIP,15.0,2025-09-18
REG899,EV408,Rami Dara Kadir,Sulaymaniyah,Free,0.0,2024-01-20
REG900,EV693,Dilan Bakr Othman,Sulaymaniyah,Student,60.0,2025-10-16
REG901,EV703,Yara Karzan Rashid,Halabja,Participant,35.0,2026-07-01
REG902,EV550,Alan Ihsan Said,Sulaymaniyah,Free,0.0,2024-06-23
REG903,EV171,Yara Rizgar Kadir,Zakho,Standard,15.0,2024-11-09
REG904,EV891,Helin Rebaz Hasan,Zakho,Runner,10.0,2025-07-05
REG905,EV521,Narin Omar Taha,Sulaymaniyah,Professional,50.0,2024-06-27
REG906,EV408,Dara Mohammed Omar,Sulaymaniyah,Free,0.0,2024-05-14
REG907,EV886,Kavar Nawzad Kadir,Sulaymaniyah,Student,25.0,2025-03-10
REG908,EV882,Dara Saber Hama,Erbil,Standard,20.0,2025-12-18
REG909,EV462,Helin Rebaz Hassan,Erbil,Professional,80.0,2026-08-28
REG910,EV300,Xezal Farid Kadir,Duhok,Runner,60.0,2026-12-01
REG911,EV238,Avan Fuad Aziz,Erbil,Standard,25.0,2024-06-23
REG912,EV083,Helin Bakr Salih,Duhok,Standard,35.0,2026-03-31
REG913,EV318,Salih Farhad Hasan,Zakho,Standard,35.0,2025-11-02
REG914,EV418,Pishtiwan Aziz Nasser,Halabja,Participant,100.0,2025-04-06
REG915,EV530,Hawkar Rizgar Aziz,Erbil,VIP,10.0,2026-06-06
REG916,EV932,Alan Latif Salih,Erbil,VIP,35.0,2026-12-02
REG917,EV903,Fuad Karim Ahmad,Halabja,Free,0.0,2026-01-04
REG918,EV930,Rami Aziz Taha,Zakho,Student,60.0,2024-11-11
REG919,EV557,Narin Bakr Hassan,Halabja,Professional,80.0,2025-08-23
REG920,EV652,Avan Ihsan Omar,Sulaymaniyah,VIP,50.0,2024-12-04
REG921,EV966,Hawkar Farid Othman,Zakho,Student,25.0,2024-12-04
REG922,EV321,Avan Mohammed Tahir,Erbil,Free,0.0,2025-11-04
REG923,EV087,Pishtiwan Kamaran Karimi,Duhok,General,80.0,2026-02-09
REG924,EV535,Pishtiwan Saeed Karimi,Sulaymaniyah,Student,15.0,2024-01-29
REG925,EV779,Kamaran Dara Ahmad,Duhok,Student,10.0,2025-08-06
REG926,EV479,Hawkar Aryan Qadir,Erbil,Student,100.0,2024-05-24
REG927,EV976,Dilan Aryan Ali,Erbil,Professional,40.0,2024-08-09
REG928,EV069,Nawzad Omar Aziz,Erbil,VIP,60.0,2024-10-26
REG929,EV849,Helin Rebaz Hasan,Sulaymaniyah,Participant,80.0,2024-04-06
REG930,EV754,Dashni Jamal Othman,Sulaymaniyah,Standard,25.0,2025-07-29
REG931,EV119,Dara Raber Taha,Zakho,VIP,80.0,2024-01-11
REG932,EV668,Nawzad Farhad Othman,Erbil,Student,25.0,2026-07-21
REG933,EV10,Rami Fuad Karimi,Erbil,Student,35.0,2025-09-04
REG934,EV627,Lana Nawzad Hassan,Erbil,Professional,60.0,2025-11-04
REG935,EV423,Farhad Jamal Aziz,Zakho,General,35.0,2026-09-11
REG936,EV711,Xezal Saber Karim,Erbil,Standard,100.0,2024-05-04
REG937,EV452,Baran Saber Mustafa,Erbil,Participant,15.0,2025-08-16
REG938,EV279,Hawkar Ihsan Omar,Sulaymaniyah,Runner,50.0,2024-07-20
REG939,EV935,Saman Farid Ahmad,Erbil,Professional,80.0,2024-09-28
REG940,EV021,Xezal Kamaran Ali,Halabja,Participant,60.0,2024-01-12
REG941,EV597,Tara Latif Nasser,Sulaymaniyah,Participant,50.0,2024-08-01
REG942,EV632,Tara Saeed Karim,Zakho,Standard,15.0,2025-09-12
REG943,EV456,Lana Rebaz Nasser,Halabja,General,100.0,2025-07-22
REG944,EV265,Bestun Fuad Kadir,Zakho,General,10.0,2025-04-16
REG945,EV975,Avan Karim Salih,Sulaymaniyah,Runner,25.0,2024-03-08
REG946,EV208,Sardar Jalal Saeed,Halabja,Runner,80.0,2026-08-20
REG947,EV664,Wrya Jalal Faris,Halabja,VIP,20.0,2024-01-12
REG948,EV613,Tara Saeed Nuri,Sulaymaniyah,General,80.0,2024-12-02
REG949,EV940,Narin Aziz Rashid,Erbil,Free,0.0,2026-04-04
REG950,EV242,Tara Bakr Nasser,Erbil,VIP,5.0,2026-05-15
REG951,EV563,Baran Aryan Kadir,Erbil,Participant,60.0,2026-02-05
REG952,EV350,Tara Karim Hama,Zakho,Professional,15.0,2024-03-08
REG953,EV059,Shilan Barzan Hama,Sulaymaniyah,VIP,40.0,2024-05-17
REG954,EV434,Aryan Mohammed Said,Halabja,Participant,20.0,2025-02-01
REG955,EV146,Yara Mohammed Othman,Halabja,Professional,40.0,2024-09-28
REG956,EV863,Kavar Ihsan Faris,Sulaymaniyah,Standard,80.0,2025-08-29
REG957,EV034,Shilan Fuad Karimi,Erbil,VIP,25.0,2025-09-26
REG958,EV460,Helin Azad Mahmoud,Erbil,Runner,80.0,2025-05-25
REG959,EV882,Xezal Farid Nuri,Erbil,Student,20.0,2024-04-09
REG960,EV385,Dashni Nawzad Faris,Duhok,General,20.0,2024-07-06
REG961,EV881,Aryan Nawzad Omar,Duhok,Professional,100.0,2025-04-03
REG962,EV968,Kamaran Barzan Omar,Erbil,Runner,5.0,2026-11-02
REG963,EV528,Bestun Latif Saeed,Erbil,Free,0.0,2026-09-12
REG964,EV883,Narin Fuad Karimi,Erbil,Professional,20.0,2026-06-27
REG965,EV143,Bestun Bakr Ali,Sulaymaniyah,VIP,15.0,2026-10-04
REG966,EV599,Karwan Mustafa Faris,Zakho,Participant,50.0,2026-05-10
REG967,EV135,Lana Aryan Aziz,Erbil,VIP,25.0,2025-11-15
REG968,EV032,Salih Latif Karimi,Duhok,Runner,40.0,2024-09-26
REG969,EV237,Kavar Kamaran Nasser,Zakho,Runner,80.0,2025-11-21
REG970,EV979,Karwan Omar Rashid,Zakho,Professional,5.0,2024-06-16
REG971,EV609,Salih Nawzad Rashid,Duhok,Participant,60.0,2026-09-10
REG972,EV725,Sardar Farid Said,Erbil,Runner,40.0,2026-10-11
REG973,EV261,Nawzad Saeed Ahmad,Erbil,Participant,10.0,2024-12-21
REG974,EV552,Aryan Mustafa Aziz,Duhok,Student,50.0,2024-08-01
REG975,EV809,Zeynep Mustafa Said,Halabja,Professional,80.0,2026-07-28
REG976,EV897,Shilan Barzan Hama,Halabja,Participant,60.0,2024-07-13
REG977,EV141,Lana Raber Othman,Halabja,Professional,35.0,2025-12-18
REG978,EV733,Helin Barzan Nasser,Halabja,Standard,25.0,2026-07-07
REG979,EV908,Pishtiwan Dara Saeed,Duhok,VIP,15.0,2025-08-27
REG980,EV851,Yara Mohammed Nasser,Duhok,Runner,5.0,2026-05-30
REG981,EV503,Rozhan Rebaz Nasser,Sulaymaniyah,General,25.0,2025-09-14
REG982,EV955,Randa Ihsan Nasser,Zakho,Professional,5.0,2026-02-01
REG983,EV094,Alan Jalal Hama,Zakho,Student,50.0,2026-09-29
REG984,EV173,Tara Ihsan Hasan,Erbil,Standard,35.0,2025-05-30
REG985,EV469,Hawkar Rebaz Rashid,Halabja,Runner,35.0,2024-05-08
REG986,EV232,Helin Jamal Nasser,Sulaymaniyah,Professional,50.0,2025-08-03
REG987,EV975,Farhad Fuad Rashid,Sulaymaniyah,Professional,25.0,2026-05-29
REG988,EV927,Kavar Jalal Karim,Sulaymaniyah,Standard,100.0,2026-02-23
REG989,EV507,Azad Barzan Faris,Zakho,General,80.0,2025-11-28
REG990,EV193,Yara Rizgar Kadir,Halabja,Participant,50.0,2025-04-06
REG991,EV718,Kavar Saber Mustafa,Halabja,General,10.0,2026-02-18
REG992,EV012,Yara Bakr Hasan,Sulaymaniyah,Standard,80.0,2024-04-13
REG993,EV646,Zhyan Mustafa Ahmad,Halabja,Free,0.0,2025-11-29
REG994,EV872,Farhad Kamaran Karimi,Erbil,General,80.0,2024-10-12
REG995,EV489,Randa Aziz Hama,Erbil,Standard,15.0,2024-12-14
REG996,EV415,Saman Raber Kadir,Erbil,Professional,15.0,2025-11-11
REG997,EV510,Baran Salam Nuri,Zakho,VIP,25.0,2025-05-23
REG998,EV421,Xezal Farhad Salih,Halabja,Professional,5.0,2025-04-08
REG999,EV934,Zeynep Aziz Ali,Halabja,Participant,40.0,2025-07-12
REG1000,EV719,Helin Nawzad Tahir,Erbil,VIP,10.0,2026-01-31
