property_id,type,city,district,area_m2,bedrooms,listed_price_usd,status,listed_date
R001,Apartment,Erbil,Ankawa,120,3,185000,for_sale,2024-01-05
R002,Villa,Erbil,Gulan Street,380,5,650000,for_sale,2024-01-18
R003,Apartment,Sulaymaniyah,Salim Street,95,2,120000,for_rent,2024-02-02
R004,Office,Erbil,Citadel Area,200,0,280000,for_sale,2024-01-30
R005,House,Duhok,Zawita Road,210,4,175000,for_sale,2024-02-10
R006,Apartment,Sulaymaniyah,Italian Village,145,3,195000,for_sale,2024-01-22
R007,Shop,Zakho,City Centre,60,0,55000,for_rent,2024-02-15
R008,Villa,Erbil,Dream City,480,6,920000,for_sale,2024-01-10
R009,Apartment,Halabja,Bazaar Area,105,3,85000,for_sale,2024-03-01
R010,Land,Duhok,Industrial Zone,1200,0,210000,for_sale,2024-02-20
R011,Office,Sulaymaniyah,Bakhtiary,180,0,240000,for_sale,2024-01-28
R012,Apartment,Erbil,Ainkawa,135,3,170000,for_rent,2024-03-05
R013,House,Zakho,Bekhma Road,185,4,130000,for_sale,2024-02-08
R014,Shop,Erbil,Empire World,85,0,95000,for_sale,2024-01-15
R015,Villa,Sulaymaniyah,Raparin,420,5,780000,for_sale,2024-02-25
R016,Apartment,Duhok,Gir Area,110,2,105000,for_sale,2024-03-10
R017,Office,Erbil,Erbil Tower,260,0,380000,for_rent,2024-01-25
R018,Apartment,Halabja,Shahid Area,90,2,72000,for_sale,2024-02-12
R019,House,Sulaymaniyah,Sarchinar,240,4,220000,for_sale,2024-03-08
R020,Land,Erbil,North Ring Road,2500,0,550000,for_sale,2024-01-20
R021,Land,Duhok,Zawita Road,1105,0,20840,for_rent,2024-08-11
R022,House,Halabja,Khurmal,181,3,319465,for_sale,2025-03-13
R023,Shop,Zakho,Mishko,98,0,1728,for_rent,2024-04-20
R024,Office,Halabja,Khurmal,206,0,3996,for_rent,2024-05-31
R025,House,Sulaymaniyah,Tanjaro,318,5,2737,for_rent,2025-05-24
R026,Apartment,Erbil,Empire World,129,3,224460,for_sale,2025-01-13
R027,Office,Erbil,Empire World,252,0,438984,for_sale,2025-07-05
R028,Villa,Zakho,Mishko,281,6,397334,for_sale,2024-07-28
R029,House,Halabja,Bazaar Area,219,4,4334,for_rent,2025-08-16
R030,Office,Zakho,Khabat,239,0,3613,for_rent,2024-02-03
R031,Apartment,Duhok,KRO Road,169,4,1715,for_rent,2025-03-17
R032,Villa,Zakho,City Centre,481,6,814333,for_sale,2025-02-08
R033,Apartment,Duhok,Zawita Road,149,2,185058,for_sale,2024-10-05
R034,Land,Erbil,Ankawa,926,0,725984,for_sale,2025-08-24
R035,House,Sulaymaniyah,Bakhtiary,319,4,201289,for_sale,2024-11-07
R036,House,Zakho,Darkar,185,3,274910,for_sale,2024-07-11
R037,Apartment,Halabja,Sirwan,102,3,1101,for_rent,2025-01-26
R038,Villa,Sulaymaniyah,Raparin,375,4,6183,for_rent,2024-02-24
R039,Villa,Halabja,Khurmal,295,7,6333,for_rent,2024-02-12
R040,House,Sulaymaniyah,Raparin,284,3,307572,for_sale,2025-12-26
R041,Land,Erbil,North Ring Road,2862,0,1969056,for_sale,2025-11-17
R042,Office,Erbil,Koya Road,164,0,2368,for_rent,2024-04-26
R043,Land,Erbil,Koya Road,3863,0,9193940,for_sale,2025-07-24
R044,Office,Sulaymaniyah,Tasluja,83,0,1179,for_rent,2024-11-20
R045,House,Sulaymaniyah,Italian Village,209,4,4014,for_rent,2025-06-19
R046,Villa,Zakho,Mishko,539,5,13377,for_rent,2024-05-27
R047,Villa,Erbil,Ankawa,493,6,853383,for_sale,2025-11-01
R048,Shop,Sulaymaniyah,Raparin,96,0,1689,for_rent,2025-09-21
R049,Villa,Duhok,Bajel,577,5,1374991,for_sale,2024-07-07
R050,Office,Zakho,Rizgary,106,0,1780,for_rent,2025-02-04
R051,Shop,Halabja,Memorial District,101,0,2002,for_rent,2024-07-05
R052,Apartment,Erbil,Gulan Street,70,3,1201,for_rent,2024-01-05
R053,House,Zakho,Mahabad,166,2,2380,for_rent,2025-09-22
R054,Apartment,Halabja,New Halabja,87,1,166605,for_sale,2024-04-18
R055,Villa,Erbil,Erbil Tower,499,7,10848,for_rent,2024-11-30
R056,Apartment,Duhok,Zawita Road,89,1,82325,for_sale,2024-07-04
R057,House,Sulaymaniyah,Malik Mahmood,239,3,2593,for_rent,2024-06-13
R058,Villa,Erbil,Ainkawa,405,7,3345,for_rent,2025-08-16
R059,Shop,Sulaymaniyah,Sarchinar,104,0,2382,for_rent,2024-03-17
R060,Office,Duhok,Bajel,298,0,6132,for_rent,2025-12-28
R061,House,Sulaymaniyah,Azadi,270,5,4576,for_rent,2025-11-10
R062,Land,Duhok,Malta,2596,0,58773,for_rent,2024-02-23
R063,Office,Zakho,Bekhma Road,291,0,1850,for_rent,2025-01-18
R064,Land,Halabja,New Halabja,1990,0,10049,for_rent,2024-06-18
R065,House,Zakho,City Centre,267,5,5922,for_rent,2025-12-10
R066,Villa,Zakho,Kashan,610,4,1257820,for_sale,2024-12-04
R067,Land,Erbil,Gulan Street,1670,0,1210750,for_sale,2024-08-17
R068,Apartment,Halabja,Memorial District,92,4,918,for_rent,2024-04-08
R069,Shop,Duhok,Gir Area,110,0,2059,for_rent,2024-05-14
R070,House,Halabja,Khurmal,283,4,4720,for_rent,2025-10-04
R071,Land,Halabja,Memorial District,1723,0,4192059,for_sale,2025-10-22
R072,Land,Halabja,Sirwan,3083,0,20409,for_rent,2024-01-08
R073,Land,Halabja,Khurmal,3033,0,61994,for_rent,2025-04-13
R074,Apartment,Sulaymaniyah,Salim Street,85,4,97240,for_sale,2024-10-15
R075,Shop,Duhok,Industrial Zone,109,0,2552,for_rent,2024-03-04
R076,Land,Erbil,Empire World,1151,0,27221,for_rent,2025-01-01
R077,Land,Halabja,Kani Ashqan,967,0,1821828,for_sale,2024-10-28
R078,Shop,Erbil,Erbil Tower,71,0,156626,for_sale,2025-07-14
R079,Villa,Zakho,Mahabad,418,4,600666,for_sale,2025-04-03
R080,Apartment,Zakho,Khabat,177,1,3012,for_rent,2024-04-25
R081,House,Sulaymaniyah,Italian Village,183,4,2931,for_rent,2025-05-11
R082,Land,Zakho,Mahabad,2003,0,4366540,for_sale,2025-02-01
R083,Land,Halabja,Kani Ashqan,3930,0,8811060,for_sale,2025-10-22
R084,Office,Sulaymaniyah,Bakhtiary,85,0,104125,for_sale,2025-11-04
R085,Apartment,Sulaymaniyah,Sarchinar,149,4,1370,for_rent,2025-09-07
R086,Villa,Duhok,Bajel,427,6,425719,for_sale,2025-04-29
R087,Office,Halabja,Sarchnar,344,0,256280,for_sale,2024-08-27
R088,Shop,Zakho,New Zakho,55,0,539,for_rent,2024-10-09
R089,Land,Erbil,Erbil Tower,892,0,13647,for_rent,2025-09-08
R090,Villa,Zakho,City Centre,631,4,538243,for_sale,2025-06-03
R091,Villa,Sulaymaniyah,Tanjaro,406,6,6309,for_rent,2024-04-10
R092,House,Zakho,New Zakho,261,4,138330,for_sale,2025-06-07
R093,Villa,Duhok,KRO Road,390,5,589680,for_sale,2025-11-23
R094,Villa,Duhok,Shindokha,267,5,405573,for_sale,2024-08-16
R095,House,Sulaymaniyah,Italian Village,199,2,4485,for_rent,2025-09-19
R096,Shop,Zakho,Rizgary,81,0,55809,for_sale,2025-04-07
R097,Land,Erbil,Gulan Street,860,0,1879960,for_sale,2024-10-01
R098,Office,Erbil,Dream City,273,0,5096,for_rent,2025-02-02
R099,Shop,Sulaymaniyah,Raparin,72,0,51408,for_sale,2024-10-04
R100,Shop,Duhok,Nizarke,33,0,71907,for_sale,2024-03-25
R101,House,Halabja,Central Park,291,3,3209,for_rent,2024-05-30
R102,House,Erbil,Empire World,218,5,362970,for_sale,2025-08-23
R103,House,Erbil,Empire World,223,5,3329,for_rent,2025-06-13
R104,House,Erbil,Ankawa,180,5,4086,for_rent,2025-07-27
R105,Villa,Halabja,Khurmal,378,5,915894,for_sale,2024-04-10
R106,Office,Sulaymaniyah,Raparin,335,0,589600,for_sale,2025-05-14
R107,Office,Zakho,Khabat,142,0,118428,for_sale,2024-04-28
R108,House,Sulaymaniyah,Italian Village,192,3,2826,for_rent,2024-07-03
R109,Office,Sulaymaniyah,Raparin,232,0,2800,for_rent,2025-05-03
R110,Land,Erbil,Erbil Tower,2740,0,66335,for_rent,2024-08-02
R111,House,Sulaymaniyah,Malik Mahmood,140,4,347900,for_sale,2024-08-19
R112,Apartment,Sulaymaniyah,Bakhtiary,137,1,324279,for_sale,2025-09-08
R113,House,Halabja,New Halabja,170,3,228310,for_sale,2024-07-13
R114,Land,Sulaymaniyah,Raparin,1070,0,9630,for_rent,2024-10-17
R115,Land,Halabja,Bazaar Area,2861,0,3012633,for_sale,2025-08-01
R116,Villa,Sulaymaniyah,Bakhtiary,325,4,3120,for_rent,2025-01-20
R117,Villa,Sulaymaniyah,Tanjaro,400,5,5932,for_rent,2024-09-01
R118,Land,Halabja,Khurmal,984,0,14907,for_rent,2025-07-06
R119,Office,Halabja,Kani Ashqan,155,0,258075,for_sale,2025-11-05
R120,Office,Sulaymaniyah,Salim Street,228,0,1963,for_rent,2025-03-27
R121,Shop,Zakho,Bekhma Road,48,0,32352,for_sale,2025-08-02
R122,Office,Zakho,City Centre,134,0,3013,for_rent,2024-04-19
R123,Apartment,Halabja,Shahid Area,76,2,471,for_rent,2025-11-12
R124,Villa,Sulaymaniyah,Malik Mahmood,449,4,422509,for_sale,2025-02-24
R125,House,Halabja,Memorial District,201,2,4305,for_rent,2025-05-29
R126,Office,Erbil,Gulan Street,134,0,213998,for_sale,2024-07-15
R127,Villa,Zakho,New Zakho,492,4,298644,for_sale,2025-01-24
R128,Villa,Sulaymaniyah,Italian Village,262,6,2166,for_rent,2025-08-12
R129,House,Sulaymaniyah,Azadi,226,5,250408,for_sale,2024-12-28
R130,Apartment,Halabja,New Halabja,96,3,792,for_rent,2025-03-23
R131,Office,Zakho,Bekhma Road,165,0,2141,for_rent,2025-05-19
R132,Land,Duhok,Masike,3378,0,81882,for_rent,2024-05-26
R133,Land,Duhok,Masike,2746,0,28366,for_rent,2025-01-10
R134,Shop,Duhok,Nizarke,64,0,428,for_rent,2025-11-01
R135,Apartment,Zakho,City Centre,158,4,217408,for_sale,2024-05-05
R136,Office,Duhok,Malta,269,0,559789,for_sale,2024-10-13
R137,House,Sulaymaniyah,Tanjaro,228,5,442548,for_sale,2025-03-01
R138,Apartment,Halabja,Memorial District,137,3,1416,for_rent,2024-09-26
R139,Office,Halabja,Sirwan,309,0,3188,for_rent,2024-12-23
R140,Villa,Duhok,Bajel,547,5,7253,for_rent,2024-09-18
R141,Office,Halabja,Bakrajo,111,0,1742,for_rent,2025-05-07
R142,House,Sulaymaniyah,Bakhtiary,270,5,3412,for_rent,2024-04-20
R143,Villa,Halabja,Central Park,331,7,312133,for_sale,2024-04-18
R144,Apartment,Erbil,Koya Road,162,4,346842,for_sale,2025-05-12
R145,Office,Duhok,Gir Area,172,0,218440,for_sale,2024-08-14
R146,Apartment,Erbil,Ankawa,106,4,195782,for_sale,2024-08-04
R147,Office,Zakho,Darkar,278,0,226292,for_sale,2025-08-28
R148,Apartment,Duhok,KRO Road,79,1,139593,for_sale,2024-04-13
R149,House,Halabja,Shahid Area,291,5,724008,for_sale,2025-03-02
R150,Villa,Halabja,Bakrajo,426,4,227058,for_sale,2025-10-14
R151,Land,Halabja,Shahid Area,306,0,1872,for_rent,2025-06-09
R152,Villa,Sulaymaniyah,Tanjaro,572,4,289432,for_sale,2024-12-12
R153,Office,Sulaymaniyah,Italian Village,111,0,264402,for_sale,2024-05-23
R154,Land,Sulaymaniyah,Tasluja,3694,0,8455566,for_sale,2024-02-12
R155,Apartment,Duhok,Nizarke,178,1,3536,for_rent,2024-04-24
R156,Office,Erbil,Ainkawa,345,0,200445,for_sale,2024-10-15
R157,House,Halabja,Bakrajo,248,4,412176,for_sale,2024-09-20
R158,Shop,Sulaymaniyah,Bakhtiary,45,0,359,for_rent,2024-03-05
R159,Apartment,Zakho,New Zakho,170,4,423300,for_sale,2025-12-24
R160,Land,Duhok,Malta,3547,0,8424125,for_sale,2024-09-26
R161,Apartment,Halabja,New Halabja,112,3,884,for_rent,2025-10-28
R162,Office,Sulaymaniyah,Azadi,171,0,3057,for_rent,2024-10-21
R163,Office,Halabja,Bakrajo,179,0,95586,for_sale,2024-04-02
R164,Shop,Sulaymaniyah,Malik Mahmood,60,0,852,for_rent,2025-04-18
R165,House,Duhok,Industrial Zone,185,3,108965,for_sale,2025-09-18
R166,Villa,Zakho,New Zakho,607,7,3423,for_rent,2025-12-27
R167,Office,Halabja,Central Park,115,0,2440,for_rent,2024-05-05
R168,House,Zakho,Kashan,223,5,3251,for_rent,2024-04-30
R169,Land,Sulaymaniyah,Goizha,1109,0,9337,for_rent,2025-05-29
R170,Villa,Halabja,Memorial District,339,7,8363,for_rent,2024-09-20
R171,Land,Halabja,New Halabja,3455,0,47575,for_rent,2024-12-16
R172,Land,Duhok,Industrial Zone,2934,0,6572160,for_sale,2024-08-27
R173,Office,Zakho,Darkar,230,0,375820,for_sale,2024-06-25
R174,Villa,Sulaymaniyah,Tanjaro,406,7,846510,for_sale,2025-09-05
R175,House,Zakho,Batifa Road,311,3,227341,for_sale,2024-08-26
R176,Land,Zakho,City Centre,3052,0,45352,for_rent,2024-04-11
R177,Apartment,Duhok,Shindokha,84,4,102816,for_sale,2025-09-16
R178,Villa,Duhok,Shindokha,287,6,364490,for_sale,2025-09-06
R179,Land,Zakho,Mahabad,3385,0,2528595,for_sale,2024-03-06
R180,Land,Erbil,Dream City,2939,0,32417,for_rent,2024-01-16
R181,Villa,Erbil,Erbil Tower,499,6,3987,for_rent,2025-10-20
R182,Land,Zakho,New Zakho,1867,0,4505071,for_sale,2025-02-07
R183,Office,Zakho,City Centre,131,0,86722,for_sale,2025-04-14
R184,Villa,Duhok,Industrial Zone,555,6,10972,for_rent,2024-05-17
R185,Villa,Halabja,Kani Ashqan,442,6,975494,for_sale,2024-03-05
R186,Office,Zakho,Darkar,240,0,294720,for_sale,2024-10-18
R187,House,Zakho,Khabat,289,5,530026,for_sale,2024-12-07
R188,Office,Halabja,Memorial District,171,0,2045,for_rent,2025-12-09
R189,Apartment,Duhok,Gir Area,163,1,1209,for_rent,2025-04-29
R190,Shop,Zakho,Mahabad,102,0,201654,for_sale,2025-03-26
R191,Shop,Halabja,Khurmal,106,0,104410,for_sale,2024-12-12
R192,Land,Sulaymaniyah,Raparin,1718,0,41730,for_rent,2025-09-01
R193,Land,Duhok,KRO Road,1144,0,25454,for_rent,2025-11-15
R194,Apartment,Sulaymaniyah,Bakhtiary,92,4,63848,for_sale,2024-03-05
R195,House,Zakho,Mishko,200,3,4408,for_rent,2025-10-09
R196,Apartment,Sulaymaniyah,Goizha,113,3,726,for_rent,2024-03-11
R197,House,Sulaymaniyah,Italian Village,195,4,3123,for_rent,2024-12-04
R198,Villa,Zakho,New Zakho,497,4,1029287,for_sale,2024-01-01
R199,Shop,Halabja,Central Park,101,0,188365,for_sale,2025-05-07
R200,Apartment,Duhok,Nizarke,110,4,1395,for_rent,2025-08-30
R201,Land,Erbil,Empire World,2421,0,40115,for_rent,2024-10-25
R202,Office,Erbil,Citadel Area,185,0,125430,for_sale,2025-01-25
R203,House,Halabja,Bakrajo,183,2,372588,for_sale,2024-09-12
R204,Villa,Sulaymaniyah,Raparin,439,7,3033,for_rent,2025-12-12
R205,Office,Erbil,Empire World,343,0,5302,for_rent,2025-11-28
R206,House,Duhok,Industrial Zone,147,5,2146,for_rent,2024-05-04
R207,Office,Duhok,Shindokha,131,0,173182,for_sale,2024-07-24
R208,House,Sulaymaniyah,Tanjaro,320,4,6105,for_rent,2025-01-23
R209,Apartment,Zakho,Rizgary,128,4,309376,for_sale,2025-08-12
R210,Apartment,Duhok,Shindokha,135,4,3051,for_rent,2024-05-19
R211,House,Zakho,Rizgary,167,4,277888,for_sale,2025-06-16
R212,Shop,Duhok,Gir Area,36,0,83016,for_sale,2025-07-19
R213,Apartment,Sulaymaniyah,Tasluja,135,1,899,for_rent,2024-04-07
R214,Shop,Halabja,Khurmal,108,0,2475,for_rent,2024-05-11
R215,Office,Erbil,North Ring Road,348,0,4993,for_rent,2024-01-09
R216,Shop,Erbil,Gulan Street,117,0,2379,for_rent,2024-05-09
R217,Villa,Zakho,Rizgary,555,5,12687,for_rent,2024-12-11
R218,Office,Erbil,Empire World,185,0,4336,for_rent,2025-08-06
R219,Apartment,Sulaymaniyah,Goizha,100,2,245000,for_sale,2025-03-09
R220,Apartment,Duhok,Nizarke,81,4,760,for_rent,2024-04-22
R221,Villa,Zakho,Batifa Road,298,7,678844,for_sale,2024-10-21
R222,Villa,Erbil,North Ring Road,420,4,7194,for_rent,2025-10-11
R223,Office,Halabja,New Halabja,231,0,2594,for_rent,2025-07-05
R224,Apartment,Sulaymaniyah,Goizha,135,2,3323,for_rent,2024-10-13
R225,House,Erbil,North Ring Road,156,4,252252,for_sale,2024-11-26
R226,Shop,Zakho,Kashan,99,0,1089,for_rent,2025-05-18
R227,Villa,Erbil,Citadel Area,294,6,402192,for_sale,2025-04-14
R228,Shop,Sulaymaniyah,Malik Mahmood,83,0,1037,for_rent,2024-06-09
R229,Office,Erbil,North Ring Road,105,0,98490,for_sale,2025-03-27
R230,Office,Zakho,Mishko,97,0,887,for_rent,2025-04-25
R231,Land,Erbil,Ankawa,3186,0,7477542,for_sale,2024-08-11
R232,Apartment,Duhok,Masike,149,4,284143,for_sale,2024-02-24
R233,Apartment,Sulaymaniyah,Tanjaro,155,4,2281,for_rent,2025-06-04
R234,Land,Zakho,Darkar,2397,0,29147,for_rent,2025-10-02
R235,Shop,Zakho,Mishko,40,0,915,for_rent,2024-03-29
R236,Shop,Zakho,Rizgary,112,0,269472,for_sale,2025-08-26
R237,Villa,Sulaymaniyah,Tanjaro,617,5,8039,for_rent,2025-03-11
R238,Land,Halabja,Sirwan,372,0,360096,for_sale,2025-01-29
R239,Apartment,Duhok,KRO Road,152,1,88160,for_sale,2025-02-20
R240,Apartment,Duhok,Shindokha,173,3,1051,for_rent,2025-12-30
R241,Office,Halabja,Khurmal,95,0,194370,for_sale,2025-05-04
R242,House,Erbil,Kasnazan,192,2,369024,for_sale,2025-04-04
R243,Office,Zakho,Bekhma Road,180,0,2388,for_rent,2024-10-14
R244,Apartment,Sulaymaniyah,Salim Street,114,3,98610,for_sale,2024-02-02
R245,House,Halabja,Sarchnar,219,2,1237,for_rent,2025-02-18
R246,Villa,Duhok,KRO Road,501,5,550098,for_sale,2024-05-06
R247,Shop,Halabja,New Halabja,91,0,1583,for_rent,2024-05-24
R248,Villa,Halabja,Shahid Area,267,5,6218,for_rent,2025-05-06
R249,Apartment,Duhok,Industrial Zone,163,2,302528,for_sale,2025-08-23
R250,Apartment,Zakho,Khabat,149,4,1025,for_rent,2024-12-25
R251,Apartment,Zakho,Kashan,124,2,2388,for_rent,2025-04-18
R252,Land,Erbil,Kasnazan,2719,0,6115031,for_sale,2024-03-29
R253,Office,Zakho,City Centre,80,0,1443,for_rent,2024-01-02
R254,Villa,Sulaymaniyah,Tanjaro,474,6,666444,for_sale,2024-10-24
R255,Apartment,Sulaymaniyah,Azadi,159,1,3719,for_rent,2025-07-31
R256,Land,Duhok,Bajel,2944,0,50931,for_rent,2025-05-13
R257,Shop,Duhok,Baroshke,30,0,25230,for_sale,2025-07-20
R258,Shop,Zakho,Kashan,90,0,2237,for_rent,2025-06-28
R259,House,Duhok,Shindokha,320,4,3484,for_rent,2024-01-19
R260,Apartment,Halabja,Sirwan,98,3,76636,for_sale,2025-03-07
R261,House,Zakho,Bekhma Road,317,4,3090,for_rent,2024-10-20
R262,Villa,Halabja,Sarchnar,467,7,2353,for_rent,2025-07-22
R263,Land,Sulaymaniyah,Azadi,500,0,511000,for_sale,2025-06-22
R264,Land,Halabja,Khurmal,2183,0,3763492,for_sale,2025-02-02
R265,Office,Halabja,Kani Ashqan,194,0,194582,for_sale,2024-07-19
R266,Shop,Sulaymaniyah,Tasluja,56,0,878,for_rent,2025-06-26
R267,House,Sulaymaniyah,Italian Village,254,5,2207,for_rent,2024-09-12
R268,Apartment,Duhok,Nizarke,132,4,96756,for_sale,2025-09-10
R269,Apartment,Halabja,Khurmal,118,2,202606,for_sale,2024-12-25
R270,Shop,Erbil,Koya Road,82,0,720,for_rent,2024-03-31
R271,Office,Erbil,Erbil Tower,307,0,7579,for_rent,2025-11-17
R272,Land,Sulaymaniyah,Tasluja,485,0,8899,for_rent,2025-03-24
R273,Office,Duhok,KRO Road,196,0,1844,for_rent,2024-10-14
R274,Land,Erbil,Dream City,780,0,1522560,for_sale,2024-09-04
R275,House,Sulaymaniyah,Tanjaro,260,4,456820,for_sale,2025-02-22
R276,Apartment,Zakho,Kashan,97,2,100977,for_sale,2025-02-16
R277,Shop,Sulaymaniyah,Salim Street,80,0,456,for_rent,2025-04-21
R278,Shop,Sulaymaniyah,Salim Street,95,0,1495,for_rent,2024-01-28
R279,Shop,Halabja,New Halabja,85,0,178925,for_sale,2025-10-22
R280,Land,Duhok,KRO Road,417,0,6380,for_rent,2024-08-16
R281,Land,Duhok,Malta,3725,0,91188,for_rent,2024-08-28
R282,House,Zakho,New Zakho,240,5,193440,for_sale,2024-05-24
R283,House,Zakho,City Centre,312,2,473304,for_sale,2024-05-19
R284,House,Zakho,Khabat,261,2,1881,for_rent,2025-01-01
R285,Shop,Sulaymaniyah,Salim Street,44,0,35948,for_sale,2025-05-24
R286,Apartment,Duhok,Industrial Zone,76,3,172824,for_sale,2024-09-19
R287,House,Duhok,Gir Area,186,4,3850,for_rent,2024-07-13
R288,Shop,Halabja,Bazaar Area,87,0,80649,for_sale,2024-09-01
R289,Apartment,Halabja,Memorial District,110,4,1896,for_rent,2025-12-26
R290,Apartment,Erbil,Koya Road,177,1,1033,for_rent,2025-10-25
R291,Apartment,Erbil,Gulan Street,128,2,1463,for_rent,2025-07-12
R292,Shop,Zakho,New Zakho,47,0,24205,for_sale,2025-07-19
R293,Apartment,Duhok,Gir Area,116,3,234668,for_sale,2025-08-07
R294,Villa,Erbil,Koya Road,459,7,8055,for_rent,2024-03-10
R295,House,Halabja,Khurmal,292,4,1874,for_rent,2024-07-10
R296,Land,Zakho,Darkar,2390,0,26911,for_rent,2025-04-28
R297,House,Erbil,Empire World,179,5,303584,for_sale,2024-10-05
R298,Apartment,Zakho,Mahabad,116,2,1517,for_rent,2025-01-20
R299,Apartment,Zakho,Kashan,178,3,2091,for_rent,2025-07-04
R300,Villa,Halabja,Sirwan,493,7,712385,for_sale,2025-08-03
R301,Apartment,Halabja,Central Park,160,4,125120,for_sale,2025-03-08
R302,Office,Duhok,Gir Area,175,0,147700,for_sale,2024-04-13
R303,Land,Erbil,Erbil Tower,2006,0,1965880,for_sale,2025-04-05
R304,Land,Sulaymaniyah,Sarchinar,2807,0,1964900,for_sale,2025-01-13
R305,Villa,Sulaymaniyah,Italian Village,523,5,5444,for_rent,2025-01-08
R306,House,Zakho,Mahabad,240,2,471600,for_sale,2025-07-23
R307,Land,Halabja,Bazaar Area,2221,0,50438,for_rent,2024-04-04
R308,House,Duhok,Industrial Zone,279,5,4941,for_rent,2025-09-26
R309,House,Erbil,Ainkawa,169,4,2251,for_rent,2025-09-02
R310,House,Halabja,Bakrajo,256,5,605440,for_sale,2025-02-04
R311,Shop,Zakho,Rizgary,115,0,240465,for_sale,2024-08-13
R312,Office,Zakho,Batifa Road,260,0,219700,for_sale,2024-10-09
R313,Villa,Duhok,Gir Area,537,7,9435,for_rent,2025-06-23
R314,Apartment,Zakho,Batifa Road,109,2,2222,for_rent,2024-07-24
R315,Land,Erbil,North Ring Road,3075,0,3711525,for_sale,2024-04-26
R316,Office,Erbil,Empire World,339,0,375612,for_sale,2025-04-12
R317,Villa,Halabja,Bakrajo,337,7,589413,for_sale,2025-07-24
R318,Villa,Sulaymaniyah,Azadi,517,5,930083,for_sale,2025-12-13
R319,House,Zakho,Mishko,254,3,2057,for_rent,2025-10-05
R320,Apartment,Zakho,Batifa Road,165,4,253605,for_sale,2024-10-23
R321,Villa,Duhok,Nizarke,313,6,2062,for_rent,2025-11-09
R322,House,Sulaymaniyah,Malik Mahmood,173,2,427483,for_sale,2024-03-30
R323,Apartment,Zakho,Batifa Road,176,1,1643,for_rent,2025-05-19
R324,Villa,Duhok,Industrial Zone,299,7,5686,for_rent,2024-03-19
R325,Office,Duhok,Nizarke,297,0,588654,for_sale,2024-03-31
R326,House,Sulaymaniyah,Bakhtiary,265,2,3937,for_rent,2025-11-03
R327,House,Duhok,Shindokha,289,3,6519,for_rent,2025-01-27
R328,Apartment,Halabja,Kani Ashqan,129,1,300828,for_sale,2025-06-15
R329,Office,Erbil,Ankawa,151,0,135900,for_sale,2025-08-31
R330,Apartment,Halabja,Bazaar Area,128,3,237696,for_sale,2025-01-21
R331,House,Erbil,Gulan Street,171,3,95418,for_sale,2025-05-19
R332,Villa,Zakho,Khabat,321,5,1993,for_rent,2024-07-31
R333,Land,Sulaymaniyah,Raparin,2201,0,2707230,for_sale,2024-12-01
R334,Villa,Sulaymaniyah,Tasluja,637,4,1572116,for_sale,2025-04-24
R335,House,Sulaymaniyah,Salim Street,164,4,223204,for_sale,2025-10-10
R336,Apartment,Zakho,Batifa Road,161,3,165669,for_sale,2024-04-27
R337,House,Zakho,City Centre,295,5,5805,for_rent,2025-10-18
R338,Land,Sulaymaniyah,Tanjaro,472,0,3587,for_rent,2025-10-23
R339,Land,Halabja,Central Park,1134,0,25424,for_rent,2025-09-15
R340,Villa,Halabja,Central Park,580,5,3654,for_rent,2024-10-12
R341,House,Zakho,Darkar,209,4,173888,for_sale,2025-06-09
R342,Land,Halabja,Memorial District,2308,0,31550,for_rent,2025-04-09
R343,Villa,Erbil,Dream City,626,5,7693,for_rent,2025-10-18
R344,Villa,Duhok,Nizarke,404,6,4403,for_rent,2025-06-02
R345,Land,Halabja,Sirwan,1120,0,1389920,for_sale,2025-01-15
R346,Villa,Duhok,KRO Road,569,5,3579,for_rent,2024-07-19
R347,Office,Duhok,Malta,157,0,387947,for_sale,2025-05-02
R348,Office,Duhok,Shindokha,103,0,220420,for_sale,2024-01-21
R349,Villa,Sulaymaniyah,Malik Mahmood,616,4,1392776,for_sale,2025-09-02
R350,Villa,Halabja,Sarchnar,347,5,7550,for_rent,2025-10-04
R351,Office,Sulaymaniyah,Goizha,138,0,1262,for_rent,2024-04-18
R352,Land,Duhok,KRO Road,1908,0,30776,for_rent,2025-05-20
R353,Shop,Halabja,Sirwan,111,0,102786,for_sale,2025-03-08
R354,House,Halabja,Sarchnar,184,5,170200,for_sale,2025-01-31
R355,Land,Halabja,Sirwan,639,0,6428,for_rent,2024-07-24
R356,Apartment,Halabja,Sirwan,115,4,589,for_rent,2024-08-08
R357,Office,Duhok,Nizarke,199,0,3068,for_rent,2024-03-21
R358,Land,Halabja,Khurmal,2630,0,43815,for_rent,2025-09-13
R359,Villa,Halabja,Sirwan,518,7,3838,for_rent,2024-08-28
R360,Shop,Erbil,Citadel Area,48,0,59568,for_sale,2024-04-25
R361,House,Zakho,Kashan,241,3,554541,for_sale,2024-02-05
R362,Shop,Sulaymaniyah,Tanjaro,82,0,1768,for_rent,2025-01-12
R363,Land,Halabja,Bakrajo,961,0,596781,for_sale,2024-12-29
R364,House,Erbil,Ankawa,204,4,134640,for_sale,2024-12-14
R365,Office,Duhok,Masike,103,0,190962,for_sale,2025-04-17
R366,Shop,Duhok,Shindokha,100,0,1744,for_rent,2024-12-05
R367,House,Halabja,Memorial District,181,3,152945,for_sale,2025-12-25
R368,Office,Halabja,Bazaar Area,82,0,133578,for_sale,2025-11-29
R369,Apartment,Duhok,Zawita Road,153,3,188649,for_sale,2025-07-25
R370,Apartment,Duhok,Shindokha,155,4,3659,for_rent,2025-02-28
R371,Apartment,Duhok,Malta,93,3,100812,for_sale,2024-08-04
R372,Land,Halabja,New Halabja,407,0,581196,for_sale,2025-12-25
R373,Villa,Duhok,Masike,594,5,9088,for_rent,2024-01-20
R374,Apartment,Halabja,New Halabja,140,3,338240,for_sale,2024-06-12
R375,Apartment,Halabja,Shahid Area,147,4,181251,for_sale,2025-12-03
R376,Shop,Duhok,KRO Road,113,0,83620,for_sale,2024-02-26
R377,Land,Sulaymaniyah,Tanjaro,2751,0,13837,for_rent,2025-02-02
R378,House,Erbil,Ainkawa,259,4,377104,for_sale,2025-05-19
R379,Apartment,Sulaymaniyah,Malik Mahmood,157,1,186673,for_sale,2025-08-12
R380,House,Zakho,Rizgary,204,4,350472,for_sale,2025-05-30
R381,Shop,Sulaymaniyah,Malik Mahmood,50,0,921,for_rent,2024-07-21
R382,House,Erbil,North Ring Road,144,3,176832,for_sale,2025-10-17
R383,Villa,Duhok,Shindokha,613,7,14129,for_rent,2024-12-02
R384,Land,Erbil,Gulan Street,3391,0,3170585,for_sale,2024-11-28
R385,House,Sulaymaniyah,Goizha,222,5,5534,for_rent,2025-04-12
R386,Shop,Duhok,Baroshke,52,0,300,for_rent,2024-10-28
R387,Office,Erbil,Empire World,180,0,209160,for_sale,2024-02-11
R388,House,Sulaymaniyah,Raparin,268,2,353224,for_sale,2024-05-25
R389,Land,Zakho,City Centre,771,0,5466,for_rent,2025-11-22
R390,Villa,Duhok,Masike,559,6,13466,for_rent,2024-03-16
R391,Office,Sulaymaniyah,Tanjaro,225,0,3051,for_rent,2025-10-25
R392,Shop,Zakho,Mishko,79,0,101989,for_sale,2025-06-10
R393,Land,Zakho,Mishko,1203,0,1803297,for_sale,2025-07-28
R394,Villa,Halabja,New Halabja,298,7,1919,for_rent,2025-09-09
R395,Shop,Duhok,Baroshke,69,0,845,for_rent,2024-05-06
R396,Land,Zakho,City Centre,1636,0,2151340,for_sale,2025-03-04
R397,Villa,Halabja,Bazaar Area,330,4,673860,for_sale,2025-08-02
R398,Office,Zakho,Mahabad,166,0,136618,for_sale,2025-04-07
R399,Shop,Halabja,Bazaar Area,35,0,31185,for_sale,2025-12-21
R400,House,Sulaymaniyah,Italian Village,263,5,144650,for_sale,2024-08-27
R401,Land,Halabja,Sirwan,3872,0,7438112,for_sale,2025-08-29
R402,Apartment,Sulaymaniyah,Raparin,129,2,123195,for_sale,2025-08-13
R403,Shop,Halabja,Khurmal,119,0,212177,for_sale,2025-08-19
R404,Land,Zakho,Kashan,944,0,15377,for_rent,2025-02-03
R405,Shop,Zakho,New Zakho,30,0,300,for_rent,2025-08-30
R406,Office,Zakho,Kashan,210,0,2505,for_rent,2024-10-04
R407,Apartment,Sulaymaniyah,Salim Street,121,3,954,for_rent,2024-06-26
R408,Shop,Halabja,Sarchnar,30,0,300,for_rent,2025-08-22
R409,House,Erbil,Citadel Area,320,3,173760,for_sale,2024-01-02
R410,House,Zakho,Darkar,153,2,255204,for_sale,2025-10-27
R411,Villa,Erbil,North Ring Road,516,4,980400,for_sale,2024-07-02
R412,Apartment,Duhok,Gir Area,136,4,208896,for_sale,2024-07-19
R413,Apartment,Zakho,Rizgary,164,2,140712,for_sale,2024-12-08
R414,House,Halabja,Memorial District,223,2,2183,for_rent,2025-05-19
R415,Apartment,Halabja,Sarchnar,172,4,1233,for_rent,2024-06-23
R416,Apartment,Halabja,Shahid Area,171,1,379278,for_sale,2025-07-18
R417,Shop,Duhok,Shindokha,66,0,50754,for_sale,2025-01-14
R418,House,Sulaymaniyah,Bakhtiary,241,4,385841,for_sale,2024-05-23
R419,House,Sulaymaniyah,Bakhtiary,160,2,228320,for_sale,2025-02-10
R420,Shop,Halabja,Shahid Area,89,0,2191,for_rent,2025-07-12
R421,Shop,Erbil,Ankawa,93,0,1887,for_rent,2024-12-22
R422,Apartment,Erbil,Ainkawa,152,1,143032,for_sale,2025-12-22
R423,Land,Erbil,Empire World,3928,0,8645528,for_sale,2024-08-27
R424,House,Erbil,Empire World,219,4,2084,for_rent,2025-08-16
R425,Apartment,Erbil,Ankawa,81,2,416,for_rent,2024-09-21
R426,Shop,Erbil,Ankawa,55,0,51645,for_sale,2025-03-29
R427,Office,Zakho,Rizgary,278,0,5290,for_rent,2025-07-23
R428,Office,Duhok,Bajel,149,0,1130,for_rent,2024-11-12
R429,Apartment,Halabja,New Halabja,135,2,3153,for_rent,2024-02-27
R430,House,Duhok,Baroshke,219,5,400989,for_sale,2024-06-05
R431,Land,Erbil,Ainkawa,1416,0,34677,for_rent,2025-05-03
R432,Villa,Sulaymaniyah,Goizha,569,7,1237006,for_sale,2024-05-17
R433,Land,Erbil,Ankawa,2403,0,47771,for_rent,2024-11-08
R434,Apartment,Zakho,Mahabad,169,2,4170,for_rent,2025-01-28
R435,Apartment,Duhok,Gir Area,157,4,3270,for_rent,2024-03-26
R436,Villa,Erbil,North Ring Road,503,6,8379,for_rent,2025-05-17
R437,Villa,Halabja,Bazaar Area,459,7,557685,for_sale,2025-12-29
R438,Villa,Sulaymaniyah,Tanjaro,560,7,10505,for_rent,2024-07-14
R439,House,Erbil,Ainkawa,177,3,387984,for_sale,2025-12-08
R440,Apartment,Erbil,Erbil Tower,161,1,161966,for_sale,2025-03-06
R441,Shop,Duhok,Malta,43,0,300,for_rent,2025-03-19
R442,Land,Duhok,Nizarke,2300,0,4317100,for_sale,2024-02-17
R443,House,Halabja,Khurmal,176,5,230208,for_sale,2024-03-10
R444,Shop,Halabja,Kani Ashqan,83,0,1316,for_rent,2024-07-11
R445,Villa,Zakho,Bekhma Road,550,7,12721,for_rent,2025-04-11
R446,House,Zakho,Khabat,245,2,5512,for_rent,2025-12-25
R447,Land,Halabja,Sirwan,2907,0,20261,for_rent,2024-09-21
R448,Villa,Duhok,Baroshke,477,6,552843,for_sale,2024-06-15
R449,House,Duhok,Nizarke,160,2,370560,for_sale,2024-04-25
R450,Villa,Halabja,Sarchnar,486,6,343602,for_sale,2024-10-10
R451,Land,Halabja,Shahid Area,3934,0,6361278,for_sale,2024-11-14
R452,House,Erbil,North Ring Road,219,5,206079,for_sale,2025-11-10
R453,Office,Sulaymaniyah,Sarchinar,336,0,334320,for_sale,2024-11-22
R454,House,Duhok,Nizarke,268,2,2964,for_rent,2025-01-31
R455,Office,Halabja,Bazaar Area,176,0,2919,for_rent,2025-08-09
R456,Apartment,Halabja,Khurmal,158,4,851,for_rent,2025-08-11
R457,Apartment,Duhok,Gir Area,81,2,625,for_rent,2024-02-28
R458,Apartment,Halabja,Bazaar Area,88,3,188848,for_sale,2024-09-19
R459,House,Duhok,Malta,249,5,377733,for_sale,2025-03-20
R460,Villa,Sulaymaniyah,Goizha,333,5,2987,for_rent,2024-01-30
R461,Land,Erbil,Erbil Tower,3334,0,8264986,for_sale,2024-07-08
R462,Land,Erbil,Gulan Street,2789,0,6138589,for_sale,2024-08-20
R463,Office,Zakho,Darkar,323,0,4179,for_rent,2024-11-28
R464,Villa,Sulaymaniyah,Goizha,309,4,3816,for_rent,2025-10-10
R465,Office,Duhok,Malta,253,0,4108,for_rent,2025-02-07
R466,House,Duhok,Masike,318,4,5094,for_rent,2025-10-30
R467,Land,Halabja,Kani Ashqan,891,0,1662606,for_sale,2025-05-17
R468,House,Sulaymaniyah,Sarchinar,280,4,296800,for_sale,2025-07-27
R469,Land,Zakho,Kashan,3484,0,5908864,for_sale,2025-11-05
R470,Apartment,Erbil,Koya Road,94,4,1754,for_rent,2025-06-01
R471,Land,Halabja,Bazaar Area,337,0,6419,for_rent,2025-11-11
R472,Office,Duhok,Shindokha,169,0,224601,for_sale,2024-09-25
R473,House,Zakho,Bekhma Road,243,3,267300,for_sale,2025-11-23
R474,Land,Sulaymaniyah,Salim Street,3747,0,66546,for_rent,2025-06-28
R475,Land,Zakho,Rizgary,1338,0,29650,for_rent,2024-02-24
R476,Office,Erbil,Ainkawa,201,0,1155,for_rent,2025-12-05
R477,House,Duhok,Masike,187,5,2215,for_rent,2025-12-05
R478,House,Halabja,Sirwan,283,3,144613,for_sale,2024-06-11
R479,Land,Zakho,Bekhma Road,505,0,400465,for_sale,2024-10-11
R480,Shop,Halabja,Memorial District,86,0,1866,for_rent,2025-01-03
R481,Land,Zakho,Mishko,2595,0,2511960,for_sale,2024-03-10
R482,Villa,Sulaymaniyah,Sarchinar,611,5,961103,for_sale,2025-02-03
R483,Shop,Halabja,Memorial District,47,0,1093,for_rent,2025-06-06
R484,House,Duhok,Industrial Zone,261,3,6193,for_rent,2025-02-05
R485,Shop,Halabja,Bazaar Area,107,0,1409,for_rent,2025-08-10
R486,Office,Duhok,Baroshke,293,0,3208,for_rent,2024-12-05
R487,Shop,Halabja,New Halabja,52,0,1068,for_rent,2025-02-02
R488,Apartment,Sulaymaniyah,Raparin,88,1,1495,for_rent,2025-12-02
R489,Apartment,Halabja,Shahid Area,145,1,2672,for_rent,2024-05-21
R490,House,Halabja,Memorial District,238,2,4450,for_rent,2024-06-18
R491,Office,Sulaymaniyah,Tasluja,311,0,2046,for_rent,2024-02-25
R492,Villa,Erbil,North Ring Road,331,7,274399,for_sale,2025-04-23
R493,Shop,Duhok,Shindokha,39,0,84747,for_sale,2024-05-23
R494,Villa,Sulaymaniyah,Azadi,589,7,1195081,for_sale,2025-07-15
R495,Shop,Duhok,Nizarke,65,0,1126,for_rent,2025-03-05
R496,Villa,Halabja,Kani Ashqan,388,5,9424,for_rent,2025-05-28
R497,Shop,Halabja,Kani Ashqan,118,0,174286,for_sale,2024-05-02
R498,Apartment,Duhok,Nizarke,86,4,1307,for_rent,2025-12-21
R499,House,Sulaymaniyah,Bakhtiary,227,2,503713,for_sale,2025-01-17
R500,Shop,Zakho,New Zakho,116,0,128876,for_sale,2025-01-31
R501,House,Duhok,Gir Area,249,4,485799,for_sale,2024-01-13
R502,Apartment,Halabja,Sirwan,94,4,178130,for_sale,2025-12-12
R503,House,Zakho,City Centre,265,3,537155,for_sale,2024-06-26
R504,Shop,Sulaymaniyah,Malik Mahmood,100,0,1010,for_rent,2025-02-28
R505,Shop,Duhok,Gir Area,104,0,207064,for_sale,2025-07-30
R506,Land,Zakho,Mishko,1995,0,1767570,for_sale,2024-12-07
R507,Villa,Erbil,Gulan Street,289,4,250274,for_sale,2024-02-26
R508,Villa,Duhok,Nizarke,633,6,1002039,for_sale,2025-06-25
R509,House,Erbil,Koya Road,158,4,3583,for_rent,2024-07-04
R510,Office,Duhok,Zawita Road,131,0,217722,for_sale,2025-02-05
R511,House,Zakho,Kashan,243,5,212382,for_sale,2024-07-20
R512,Office,Erbil,Citadel Area,107,0,2505,for_rent,2024-01-16
R513,Villa,Zakho,Rizgary,629,5,1165537,for_sale,2025-09-15
R514,Land,Duhok,KRO Road,2498,0,31849,for_rent,2025-02-10
R515,Office,Duhok,Zawita Road,164,0,87740,for_sale,2024-01-14
R516,Villa,Erbil,Erbil Tower,477,7,978804,for_sale,2024-09-03
R517,Villa,Halabja,Sirwan,342,5,7175,for_rent,2025-10-19
R518,Villa,Sulaymaniyah,Malik Mahmood,370,6,5590,for_rent,2025-01-12
R519,Shop,Zakho,City Centre,119,0,68187,for_sale,2024-12-25
R520,Apartment,Halabja,Sarchnar,179,3,318799,for_sale,2024-11-04
R521,Land,Halabja,Sarchnar,1916,0,47382,for_rent,2024-03-29
R522,Land,Duhok,KRO Road,2956,0,4522680,for_sale,2025-01-14
R523,House,Zakho,Darkar,165,3,1008,for_rent,2024-10-14
R524,House,Duhok,Industrial Zone,303,3,5950,for_rent,2024-04-21
R525,House,Halabja,Central Park,197,5,124898,for_sale,2025-04-04
R526,Villa,Sulaymaniyah,Azadi,499,6,2944,for_rent,2024-10-28
R527,Office,Halabja,Sirwan,199,0,317007,for_sale,2025-02-01
R528,Land,Sulaymaniyah,Salim Street,3778,0,5247642,for_sale,2024-11-03
R529,Shop,Erbil,Ainkawa,108,0,1431,for_rent,2024-03-27
R530,Villa,Halabja,Memorial District,545,6,5172,for_rent,2025-07-29
R531,Apartment,Sulaymaniyah,Italian Village,144,4,2424,for_rent,2025-05-28
R532,Office,Halabja,Bakrajo,286,0,3300,for_rent,2025-07-12
R533,Villa,Zakho,Mishko,412,5,557024,for_sale,2025-08-10
R534,House,Sulaymaniyah,Malik Mahmood,275,2,3448,for_rent,2025-10-03
R535,House,Sulaymaniyah,Bakhtiary,297,4,708642,for_sale,2025-09-14
R536,Office,Sulaymaniyah,Salim Street,306,0,333540,for_sale,2025-05-23
R537,Land,Halabja,Central Park,2581,0,3329490,for_sale,2024-03-29
R538,Office,Zakho,City Centre,83,0,71131,for_sale,2025-05-18
R539,Office,Sulaymaniyah,Goizha,243,0,1739,for_rent,2025-10-03
R540,Apartment,Halabja,Sarchnar,134,1,129444,for_sale,2024-03-01
R541,Land,Sulaymaniyah,Raparin,332,0,229412,for_sale,2025-10-19
R542,Villa,Halabja,Sarchnar,431,7,4702,for_rent,2025-10-22
R543,Land,Zakho,Darkar,2420,0,33226,for_rent,2025-08-10
R544,House,Erbil,Ankawa,279,4,6444,for_rent,2025-10-06
R545,Apartment,Halabja,Bakrajo,107,1,238182,for_sale,2024-12-21
R546,Apartment,Zakho,Mishko,142,1,1905,for_rent,2025-08-17
R547,Office,Erbil,Ankawa,160,0,3008,for_rent,2025-11-22
R548,Land,Halabja,Kani Ashqan,3540,0,84853,for_rent,2025-03-10
R549,Shop,Duhok,KRO Road,106,0,1471,for_rent,2024-08-07
R550,Apartment,Halabja,Sarchnar,75,2,735,for_rent,2025-08-02
R551,House,Sulaymaniyah,Azadi,212,5,4602,for_rent,2025-04-04
R552,Office,Erbil,Citadel Area,268,0,1356,for_rent,2024-06-08
R553,Office,Erbil,Erbil Tower,207,0,3212,for_rent,2025-11-27
R554,Shop,Halabja,Memorial District,31,0,52855,for_sale,2024-12-07
R555,Office,Zakho,City Centre,108,0,164160,for_sale,2025-03-25
R556,Land,Halabja,Shahid Area,821,0,1561542,for_sale,2024-12-20
R557,Villa,Duhok,Bajel,406,6,733236,for_sale,2024-10-19
R558,Land,Halabja,Khurmal,2101,0,2311100,for_sale,2025-06-25
R559,Shop,Duhok,Nizarke,84,0,208824,for_sale,2024-09-13
R560,Office,Erbil,Koya Road,280,0,1461,for_rent,2025-09-13
R561,Villa,Zakho,Rizgary,590,5,13516,for_rent,2025-03-10
R562,Apartment,Zakho,Mahabad,78,1,81744,for_sale,2025-09-16
R563,Shop,Halabja,Sirwan,40,0,32240,for_sale,2024-03-21
R564,Apartment,Sulaymaniyah,Bakhtiary,141,1,1019,for_rent,2025-04-30
R565,House,Sulaymaniyah,Bakhtiary,320,4,3747,for_rent,2024-07-06
R566,Villa,Sulaymaniyah,Raparin,436,4,5803,for_rent,2024-01-25
R567,Office,Sulaymaniyah,Salim Street,290,0,3424,for_rent,2024-02-25
R568,House,Zakho,Batifa Road,223,2,2785,for_rent,2025-02-11
R569,Office,Duhok,Bajel,302,0,4511,for_rent,2025-10-02
R570,Villa,Erbil,Citadel Area,283,7,538549,for_sale,2024-08-09
R571,Apartment,Duhok,Shindokha,143,1,3462,for_rent,2025-09-04
R572,Shop,Sulaymaniyah,Goizha,76,0,60496,for_sale,2024-03-28
R573,Apartment,Erbil,Ankawa,108,3,2112,for_rent,2025-09-16
R574,Apartment,Halabja,Sirwan,143,1,237380,for_sale,2025-11-05
R575,Office,Sulaymaniyah,Goizha,192,0,2378,for_rent,2024-05-02
R576,Land,Erbil,Koya Road,3344,0,2628384,for_sale,2024-08-04
R577,Apartment,Erbil,Erbil Tower,124,2,167152,for_sale,2025-08-07
R578,Office,Erbil,Erbil Tower,303,0,210282,for_sale,2024-05-24
R579,Villa,Halabja,Memorial District,366,5,244488,for_sale,2024-09-10
R580,Office,Duhok,Zawita Road,315,0,3858,for_rent,2024-10-06
R581,Shop,Erbil,North Ring Road,115,0,235520,for_sale,2025-07-17
R582,Shop,Sulaymaniyah,Sarchinar,39,0,42666,for_sale,2025-01-30
R583,Villa,Halabja,New Halabja,299,4,6718,for_rent,2025-10-21
R584,Villa,Zakho,Darkar,616,5,879032,for_sale,2024-08-07
R585,Shop,Zakho,New Zakho,62,0,744,for_rent,2025-06-17
R586,Shop,Zakho,Bekhma Road,65,0,701,for_rent,2025-03-29
R587,House,Zakho,Mahabad,208,2,3983,for_rent,2024-07-05
R588,Villa,Duhok,Nizarke,546,5,4056,for_rent,2025-08-24
R589,House,Duhok,Malta,280,3,566440,for_sale,2025-11-15
R590,Apartment,Zakho,Batifa Road,124,4,138260,for_sale,2025-11-06
R591,Office,Zakho,Darkar,226,0,243402,for_sale,2024-09-13
R592,Villa,Halabja,Sirwan,309,4,5021,for_rent,2024-02-22
R593,Apartment,Halabja,Sirwan,135,1,227880,for_sale,2024-12-30
R594,Land,Sulaymaniyah,Sarchinar,1100,0,20790,for_rent,2025-05-17
R595,Apartment,Halabja,Bazaar Area,97,1,52962,for_sale,2025-11-19
R596,Villa,Sulaymaniyah,Raparin,556,5,13349,for_rent,2024-06-21
R597,Apartment,Zakho,Batifa Road,99,1,51975,for_sale,2025-05-07
R598,Apartment,Halabja,Kani Ashqan,132,3,695,for_rent,2025-06-06
R599,Shop,Halabja,Memorial District,99,0,241263,for_sale,2024-03-27
R600,Villa,Sulaymaniyah,Goizha,511,6,362810,for_sale,2024-04-22
R601,Shop,Duhok,KRO Road,94,0,947,for_rent,2024-05-08
R602,Shop,Duhok,Industrial Zone,48,0,737,for_rent,2025-06-17
R603,House,Sulaymaniyah,Sarchinar,318,5,377148,for_sale,2025-11-03
R604,Land,Sulaymaniyah,Goizha,2843,0,60953,for_rent,2024-03-24
R605,House,Halabja,Memorial District,307,2,299325,for_sale,2024-07-12
R606,Office,Sulaymaniyah,Raparin,156,0,1352,for_rent,2024-09-29
R607,House,Erbil,Empire World,162,3,299376,for_sale,2025-11-13
R608,Shop,Sulaymaniyah,Bakhtiary,38,0,303,for_rent,2024-04-25
R609,Shop,Halabja,Sirwan,106,0,188362,for_sale,2025-12-28
R610,House,Zakho,Darkar,225,5,2531,for_rent,2024-05-02
R611,Villa,Duhok,Gir Area,361,4,790951,for_sale,2024-01-05
R612,Villa,Zakho,Mishko,334,7,8269,for_rent,2024-11-17
R613,Land,Erbil,Citadel Area,2928,0,44652,for_rent,2024-11-29
R614,Office,Erbil,Dream City,225,0,523575,for_sale,2024-10-03
R615,Shop,Duhok,Bajel,33,0,300,for_rent,2024-02-17
R616,Apartment,Halabja,Bakrajo,74,1,49950,for_sale,2025-04-26
R617,Villa,Halabja,Khurmal,447,7,531483,for_sale,2025-08-11
R618,Apartment,Halabja,Khurmal,153,1,94401,for_sale,2024-04-17
R619,Shop,Zakho,City Centre,71,0,156129,for_sale,2025-07-07
R620,House,Zakho,Darkar,267,3,179958,for_sale,2025-01-08
R621,Office,Zakho,Kashan,211,0,5023,for_rent,2025-06-06
R622,Villa,Erbil,Ainkawa,460,7,285200,for_sale,2025-09-04
R623,Apartment,Zakho,New Zakho,150,1,151650,for_sale,2024-11-30
R624,Shop,Duhok,Baroshke,51,0,738,for_rent,2024-04-10
R625,Apartment,Duhok,Zawita Road,139,2,1932,for_rent,2024-03-03
R626,Land,Duhok,Masike,1592,0,10968,for_rent,2024-12-12
R627,House,Duhok,Nizarke,217,5,221340,for_sale,2025-09-22
R628,Apartment,Erbil,Kasnazan,176,1,2001,for_rent,2025-03-08
R629,Land,Sulaymaniyah,Tasluja,1730,0,2818170,for_sale,2025-04-12
R630,Shop,Sulaymaniyah,Azadi,81,0,1210,for_rent,2025-12-19
R631,House,Sulaymaniyah,Azadi,186,5,247008,for_sale,2025-07-24
R632,Apartment,Erbil,Kasnazan,86,2,504,for_rent,2025-03-07
R633,Apartment,Halabja,Khurmal,83,4,187082,for_sale,2025-10-23
R634,House,Sulaymaniyah,Tanjaro,140,5,1661,for_rent,2024-03-09
R635,Villa,Sulaymaniyah,Tanjaro,472,5,315296,for_sale,2024-05-11
R636,Villa,Sulaymaniyah,Malik Mahmood,646,5,14205,for_rent,2025-04-27
R637,Apartment,Duhok,Bajel,169,1,1865,for_rent,2024-08-13
R638,Office,Duhok,Bajel,315,0,658350,for_sale,2024-09-21
R639,Villa,Halabja,Kani Ashqan,443,7,10844,for_rent,2025-04-23
R640,Office,Erbil,Ainkawa,187,0,155023,for_sale,2025-03-20
R641,Land,Halabja,Shahid Area,691,0,1575480,for_sale,2025-12-18
R642,House,Duhok,Bajel,312,3,503880,for_sale,2024-07-14
R643,House,Sulaymaniyah,Azadi,159,4,2844,for_rent,2025-04-29
R644,Land,Zakho,Bekhma Road,1125,0,16020,for_rent,2024-04-14
R645,Apartment,Zakho,Rizgary,165,4,1975,for_rent,2024-12-18
R646,Land,Halabja,Sirwan,1057,0,9143,for_rent,2024-08-24
R647,Apartment,Zakho,New Zakho,121,2,2157,for_rent,2024-03-08
R648,Apartment,Erbil,Erbil Tower,110,1,2378,for_rent,2025-03-15
R649,Villa,Duhok,Nizarke,574,4,334068,for_sale,2024-04-27
R650,Land,Erbil,Ankawa,3661,0,32216,for_rent,2024-11-14
R651,House,Halabja,Central Park,246,3,2290,for_rent,2025-12-03
R652,Villa,Sulaymaniyah,Sarchinar,645,5,561795,for_sale,2024-10-01
R653,Shop,Halabja,Central Park,106,0,1303,for_rent,2025-04-29
R654,House,Zakho,Bekhma Road,286,5,589446,for_sale,2024-06-19
R655,House,Duhok,Bajel,206,5,409734,for_sale,2024-09-28
R656,Shop,Zakho,Khabat,48,0,87168,for_sale,2025-11-26
R657,Land,Duhok,Industrial Zone,3562,0,56885,for_rent,2025-06-21
R658,Land,Duhok,Industrial Zone,1645,0,3178140,for_sale,2024-06-30
R659,Land,Erbil,Ankawa,842,0,16587,for_rent,2025-05-06
R660,Villa,Erbil,North Ring Road,546,7,10144,for_rent,2024-04-28
R661,Villa,Sulaymaniyah,Italian Village,557,6,782028,for_sale,2024-01-11
R662,Office,Zakho,City Centre,191,0,3151,for_rent,2024-09-03
R663,Shop,Halabja,Central Park,101,0,61004,for_sale,2024-12-17
R664,Shop,Sulaymaniyah,Raparin,100,0,154400,for_sale,2024-11-24
R665,Office,Erbil,Ankawa,235,0,2808,for_rent,2025-01-06
R666,Office,Erbil,Gulan Street,128,0,1725,for_rent,2025-04-16
R667,House,Halabja,Sirwan,302,3,6924,for_rent,2024-11-13
R668,Shop,Sulaymaniyah,Sarchinar,76,0,509,for_rent,2025-08-29
R669,Office,Halabja,Sarchnar,97,0,1249,for_rent,2024-09-06
R670,House,Halabja,Khurmal,212,3,499896,for_sale,2025-12-04
R671,Land,Halabja,Bazaar Area,623,0,1551270,for_sale,2025-01-01
R672,Villa,Halabja,Bazaar Area,533,4,431730,for_sale,2024-06-17
R673,Apartment,Duhok,Masike,173,1,282163,for_sale,2025-01-22
R674,Office,Zakho,Batifa Road,89,0,1333,for_rent,2024-12-01
R675,Shop,Duhok,Zawita Road,115,0,1966,for_rent,2024-04-28
R676,Apartment,Sulaymaniyah,Raparin,97,2,1844,for_rent,2025-03-18
R677,Office,Duhok,Malta,318,0,5720,for_rent,2025-03-21
R678,House,Duhok,Industrial Zone,301,2,532168,for_sale,2024-12-04
R679,Villa,Zakho,City Centre,427,7,4906,for_rent,2024-06-06
R680,Shop,Zakho,Rizgary,96,0,190944,for_sale,2024-02-25
R681,Villa,Zakho,Mishko,536,5,8227,for_rent,2025-06-25
R682,Apartment,Erbil,Citadel Area,73,3,41245,for_sale,2024-06-27
R683,Land,Sulaymaniyah,Goizha,3695,0,6784020,for_sale,2024-01-19
R684,Land,Zakho,New Zakho,484,0,2942,for_rent,2025-10-27
R685,House,Halabja,Memorial District,253,2,3896,for_rent,2025-08-22
R686,House,Erbil,Ainkawa,146,4,165126,for_sale,2024-11-10
R687,Apartment,Zakho,Rizgary,103,4,1986,for_rent,2025-09-16
R688,Villa,Halabja,Bazaar Area,552,4,10377,for_rent,2024-11-11
R689,Office,Zakho,Mishko,85,0,1244,for_rent,2024-04-12
R690,Apartment,Duhok,KRO Road,110,2,2400,for_rent,2024-10-11
R691,Office,Erbil,Erbil Tower,223,0,4600,for_rent,2025-07-23
R692,Office,Duhok,Gir Area,131,0,172003,for_sale,2025-10-30
R693,Apartment,Erbil,Erbil Tower,121,1,1898,for_rent,2024-11-04
R694,Shop,Zakho,Mahabad,64,0,54656,for_sale,2024-03-30
R695,Apartment,Erbil,Ainkawa,179,2,188308,for_sale,2024-02-24
R696,Apartment,Erbil,Erbil Tower,164,3,187124,for_sale,2025-08-05
R697,Apartment,Zakho,Darkar,145,2,1680,for_rent,2024-06-06
R698,Office,Duhok,Bajel,92,0,132848,for_sale,2025-10-21
R699,Office,Duhok,Industrial Zone,289,0,339575,for_sale,2024-07-01
R700,Land,Duhok,Malta,3896,0,6966048,for_sale,2025-11-08
R701,Office,Duhok,KRO Road,147,0,245490,for_sale,2024-06-01
R702,Villa,Sulaymaniyah,Sarchinar,309,5,6322,for_rent,2024-12-24
R703,Shop,Sulaymaniyah,Raparin,102,0,194718,for_sale,2025-06-09
R704,Office,Duhok,Zawita Road,103,0,1102,for_rent,2024-06-06
R705,Shop,Zakho,Khabat,114,0,2012,for_rent,2024-04-21
R706,Office,Duhok,Shindokha,226,0,273234,for_sale,2025-05-17
R707,Villa,Halabja,Bazaar Area,576,5,1417536,for_sale,2024-01-15
R708,Shop,Sulaymaniyah,Sarchinar,111,0,197691,for_sale,2025-03-08
R709,Land,Duhok,Masike,1041,0,777627,for_sale,2025-06-10
R710,Apartment,Halabja,Central Park,121,2,101640,for_sale,2024-05-27
R711,House,Sulaymaniyah,Tanjaro,208,2,4266,for_rent,2025-08-21
R712,House,Halabja,Bakrajo,182,3,2493,for_rent,2024-05-02
R713,Shop,Halabja,Kani Ashqan,95,0,196460,for_sale,2025-02-13
R714,Villa,Sulaymaniyah,Azadi,372,5,4486,for_rent,2024-11-05
R715,Office,Duhok,Nizarke,94,0,1462,for_rent,2025-11-28
R716,Office,Halabja,Central Park,164,0,2879,for_rent,2024-07-24
R717,Villa,Erbil,Ankawa,379,7,302063,for_sale,2024-02-23
R718,Land,Zakho,Batifa Road,2917,0,43696,for_rent,2025-03-21
R719,Office,Zakho,Kashan,262,0,6164,for_rent,2024-04-05
R720,Office,Duhok,Nizarke,199,0,302679,for_sale,2024-02-08
R721,Villa,Sulaymaniyah,Bakhtiary,620,7,7917,for_rent,2025-09-18
R722,Office,Sulaymaniyah,Tasluja,158,0,228152,for_sale,2025-10-09
R723,Villa,Zakho,Bekhma Road,526,5,7221,for_rent,2025-04-05
R724,Office,Sulaymaniyah,Bakhtiary,323,0,203490,for_sale,2025-04-01
R725,Land,Duhok,Shindokha,2182,0,32337,for_rent,2025-01-12
R726,Apartment,Erbil,Erbil Tower,123,1,1843,for_rent,2025-06-15
R727,Apartment,Halabja,Sarchnar,100,2,164700,for_sale,2024-08-17
R728,Apartment,Duhok,Shindokha,138,1,288558,for_sale,2025-06-05
R729,Villa,Erbil,Kasnazan,439,7,355151,for_sale,2025-01-13
R730,House,Erbil,Gulan Street,300,5,234600,for_sale,2025-10-19
R731,Villa,Halabja,Khurmal,496,5,1135840,for_sale,2024-04-06
R732,Office,Erbil,Dream City,299,0,7071,for_rent,2024-02-11
R733,Shop,Sulaymaniyah,Malik Mahmood,103,0,1664,for_rent,2025-05-06
R734,Office,Erbil,Ainkawa,288,0,4898,for_rent,2024-05-02
R735,House,Halabja,Central Park,167,3,1977,for_rent,2024-08-22
R736,Land,Erbil,Empire World,855,0,13081,for_rent,2024-06-28
R737,Apartment,Sulaymaniyah,Italian Village,86,3,1913,for_rent,2025-05-13
R738,Villa,Sulaymaniyah,Italian Village,311,7,500710,for_sale,2025-03-03
R739,Office,Zakho,Bekhma Road,304,0,4420,for_rent,2025-10-31
R740,Shop,Halabja,Bakrajo,75,0,1838,for_rent,2024-12-05
R741,House,Zakho,Khabat,155,5,212970,for_sale,2025-02-14
R742,Shop,Sulaymaniyah,Salim Street,91,0,118027,for_sale,2024-11-29
R743,Shop,Sulaymaniyah,Goizha,31,0,46097,for_sale,2025-07-07
R744,Apartment,Sulaymaniyah,Italian Village,177,3,163725,for_sale,2024-07-09
R745,Apartment,Duhok,Industrial Zone,163,2,2979,for_rent,2025-01-13
R746,Land,Duhok,KRO Road,956,0,14932,for_rent,2025-12-27
R747,Villa,Halabja,Bakrajo,394,4,6469,for_rent,2025-04-05
R748,Shop,Halabja,Sarchnar,117,0,873,for_rent,2025-04-28
R749,Shop,Zakho,Mishko,78,0,89622,for_sale,2024-07-28
R750,Shop,Erbil,Ainkawa,106,0,161544,for_sale,2024-06-29
R751,Villa,Erbil,North Ring Road,361,4,890226,for_sale,2024-06-24
R752,Land,Sulaymaniyah,Tanjaro,1598,0,12256,for_rent,2024-10-22
R753,Villa,Duhok,Masike,594,4,13745,for_rent,2024-02-29
R754,House,Erbil,Kasnazan,151,4,3581,for_rent,2025-02-10
R755,Office,Zakho,Bekhma Road,342,0,851238,for_sale,2025-05-16
R756,Shop,Sulaymaniyah,Goizha,90,0,84240,for_sale,2025-03-01
R757,House,Halabja,Memorial District,217,2,4698,for_rent,2024-03-10
R758,Villa,Halabja,Bakrajo,510,4,644640,for_sale,2025-07-06
R759,Land,Duhok,Gir Area,1332,0,3218112,for_sale,2024-02-18
R760,House,Zakho,Mahabad,280,3,4107,for_rent,2024-02-18
R761,Villa,Sulaymaniyah,Sarchinar,565,7,5938,for_rent,2025-11-24
R762,House,Halabja,Bakrajo,143,3,1450,for_rent,2025-04-25
R763,Villa,Zakho,Bekhma Road,566,4,13187,for_rent,2025-02-20
R764,Shop,Sulaymaniyah,Sarchinar,81,0,1435,for_rent,2024-01-14
R765,Land,Halabja,Khurmal,3250,0,2752750,for_sale,2024-04-24
R766,Office,Zakho,Mahabad,191,0,3436,for_rent,2024-11-06
R767,Apartment,Duhok,Bajel,156,4,3166,for_rent,2024-10-14
R768,House,Halabja,Sirwan,209,5,407968,for_sale,2024-05-18
R769,Villa,Halabja,Kani Ashqan,282,5,675390,for_sale,2024-02-17
R770,Shop,Duhok,Malta,30,0,300,for_rent,2025-11-17
R771,Office,Erbil,Ainkawa,121,0,2907,for_rent,2024-02-04
R772,Land,Halabja,New Halabja,2941,0,6020227,for_sale,2025-04-02
R773,Office,Halabja,Memorial District,295,0,3649,for_rent,2025-06-01
R774,Villa,Duhok,Baroshke,552,7,980904,for_sale,2024-12-03
R775,Apartment,Erbil,Erbil Tower,143,3,95953,for_sale,2025-10-17
R776,Shop,Zakho,Kashan,89,0,2127,for_rent,2024-01-24
R777,Apartment,Zakho,Batifa Road,136,2,1468,for_rent,2024-06-19
R778,Land,Zakho,Kashan,2044,0,16495,for_rent,2025-04-09
R779,Apartment,Erbil,Kasnazan,152,1,216144,for_sale,2024-06-02
R780,Apartment,Erbil,North Ring Road,141,1,817,for_rent,2025-12-03
R781,Land,Zakho,Darkar,2285,0,26803,for_rent,2024-08-03
R782,Shop,Halabja,Sarchnar,113,0,1909,for_rent,2025-10-28
R783,House,Sulaymaniyah,Malik Mahmood,270,2,3723,for_rent,2024-11-25
R784,House,Sulaymaniyah,Salim Street,254,3,127000,for_sale,2024-01-21
R785,Villa,Sulaymaniyah,Tasluja,464,7,8913,for_rent,2025-12-22
R786,Apartment,Halabja,Bazaar Area,120,1,147000,for_sale,2024-03-28
R787,Villa,Sulaymaniyah,Goizha,543,7,1356957,for_sale,2024-03-15
R788,Office,Halabja,Khurmal,139,0,1082,for_rent,2024-07-13
R789,Shop,Sulaymaniyah,Goizha,90,0,66240,for_sale,2025-04-17
R790,House,Duhok,Malta,278,2,5621,for_rent,2024-01-10
R791,Shop,Zakho,Mahabad,56,0,126224,for_sale,2025-11-29
R792,House,Sulaymaniyah,Raparin,236,2,523684,for_sale,2025-04-08
R793,Apartment,Duhok,KRO Road,108,4,188784,for_sale,2025-11-21
R794,Land,Sulaymaniyah,Tasluja,952,0,18316,for_rent,2025-02-27
R795,House,Sulaymaniyah,Azadi,307,4,2345,for_rent,2024-07-14
R796,Shop,Duhok,Nizarke,103,0,1087,for_rent,2025-05-14
R797,House,Erbil,Ainkawa,214,4,444692,for_sale,2024-01-05
R798,Apartment,Sulaymaniyah,Malik Mahmood,151,4,151755,for_sale,2024-01-23
R799,Villa,Duhok,Gir Area,322,7,2559,for_rent,2024-02-11
R800,Shop,Erbil,Citadel Area,68,0,1283,for_rent,2025-12-25
R801,Land,Zakho,Mahabad,2828,0,6931428,for_sale,2024-09-29
R802,Apartment,Duhok,Nizarke,128,2,2616,for_rent,2024-02-03
R803,Apartment,Zakho,Darkar,176,2,429264,for_sale,2025-10-09
R804,Land,Halabja,New Halabja,2903,0,1773733,for_sale,2025-04-20
R805,Apartment,Zakho,Batifa Road,75,4,1719,for_rent,2024-06-23
R806,House,Duhok,Masike,180,5,409140,for_sale,2024-12-11
R807,Office,Erbil,Dream City,187,0,436271,for_sale,2024-01-03
R808,House,Erbil,Empire World,248,2,4994,for_rent,2024-03-28
R809,House,Halabja,New Halabja,155,2,165075,for_sale,2024-08-09
R810,Apartment,Sulaymaniyah,Salim Street,116,2,2235,for_rent,2024-02-26
R811,Office,Halabja,New Halabja,349,0,5468,for_rent,2024-06-08
R812,House,Sulaymaniyah,Sarchinar,252,4,5601,for_rent,2024-11-15
R813,Shop,Sulaymaniyah,Azadi,32,0,25568,for_sale,2024-05-13
R814,Office,Zakho,Rizgary,150,0,102600,for_sale,2025-01-29
R815,Shop,Erbil,Empire World,43,0,300,for_rent,2024-07-04
R816,Land,Erbil,Kasnazan,3909,0,55507,for_rent,2024-08-13
R817,Villa,Erbil,Erbil Tower,275,7,175725,for_sale,2024-12-12
R818,Villa,Duhok,Baroshke,624,7,391248,for_sale,2024-11-23
R819,House,Halabja,Bazaar Area,256,4,2426,for_rent,2025-10-17
R820,Land,Sulaymaniyah,Sarchinar,721,0,13482,for_rent,2025-10-14
R821,Shop,Sulaymaniyah,Tasluja,98,0,719,for_rent,2024-01-22
R822,House,Zakho,Kashan,241,4,141708,for_sale,2024-11-02
R823,Land,Halabja,Shahid Area,3557,0,82273,for_rent,2024-03-29
R824,Shop,Duhok,Masike,92,0,2030,for_rent,2025-08-29
R825,Apartment,Zakho,Khabat,175,1,319725,for_sale,2024-07-09
R826,Office,Erbil,Kasnazan,115,0,1557,for_rent,2024-01-11
R827,House,Duhok,Nizarke,178,4,1194,for_rent,2024-01-02
R828,Land,Sulaymaniyah,Raparin,3641,0,76461,for_rent,2024-05-09
R829,Office,Duhok,Shindokha,141,0,303432,for_sale,2024-11-02
R830,Shop,Halabja,Sarchnar,71,0,1743,for_rent,2024-03-24
R831,Villa,Zakho,City Centre,290,4,6623,for_rent,2025-10-29
R832,Shop,Erbil,Empire World,74,0,825,for_rent,2025-01-05
R833,Villa,Halabja,Khurmal,530,6,1305390,for_sale,2025-08-17
R834,Villa,Zakho,Rizgary,302,6,428840,for_sale,2024-09-17
R835,Apartment,Zakho,Bekhma Road,153,3,135864,for_sale,2024-10-29
R836,Villa,Duhok,Malta,565,4,11260,for_rent,2025-11-13
R837,House,Halabja,Bazaar Area,217,5,4131,for_rent,2024-05-12
R838,Shop,Erbil,Kasnazan,46,0,65228,for_sale,2024-07-15
R839,House,Duhok,Zawita Road,171,3,342000,for_sale,2025-07-24
R840,Apartment,Sulaymaniyah,Azadi,123,4,1035,for_rent,2025-03-31
R841,House,Duhok,Baroshke,257,3,4029,for_rent,2025-06-16
R842,Shop,Halabja,Sarchnar,51,0,1141,for_rent,2024-12-10
R843,Villa,Erbil,Ainkawa,479,5,7218,for_rent,2024-08-12
R844,Apartment,Zakho,City Centre,113,2,223853,for_sale,2024-02-04
R845,Apartment,Duhok,Industrial Zone,151,2,246432,for_sale,2025-01-16
R846,House,Sulaymaniyah,Malik Mahmood,153,3,1947,for_rent,2025-08-02
R847,Land,Duhok,Gir Area,1837,0,32367,for_rent,2025-09-12
R848,Office,Halabja,Memorial District,138,0,1519,for_rent,2024-11-24
R849,Land,Sulaymaniyah,Azadi,1077,0,24200,for_rent,2025-08-18
R850,Villa,Duhok,Shindokha,357,4,4708,for_rent,2024-09-06
R851,Villa,Duhok,Nizarke,512,4,565248,for_sale,2025-04-20
R852,Apartment,Zakho,Rizgary,166,1,403712,for_sale,2025-01-15
R853,Office,Duhok,Nizarke,172,0,4298,for_rent,2024-01-18
R854,House,Zakho,Mishko,229,4,1914,for_rent,2024-08-09
R855,House,Sulaymaniyah,Salim Street,223,3,497736,for_sale,2025-08-31
R856,Office,Duhok,Baroshke,298,0,5578,for_rent,2024-03-26
R857,House,Sulaymaniyah,Goizha,314,2,4025,for_rent,2025-08-16
R858,Shop,Zakho,New Zakho,105,0,1969,for_rent,2025-09-21
R859,House,Erbil,Ainkawa,197,2,132384,for_sale,2025-12-19
R860,Land,Zakho,Kashan,1381,0,28918,for_rent,2025-06-20
R861,Shop,Zakho,Bekhma Road,88,0,219824,for_sale,2025-02-17
R862,House,Halabja,Shahid Area,309,5,605949,for_sale,2024-12-17
R863,Land,Sulaymaniyah,Sarchinar,3652,0,4448136,for_sale,2024-03-20
R864,Apartment,Halabja,Sirwan,144,3,1571,for_rent,2025-02-03
R865,House,Erbil,Citadel Area,253,3,397716,for_sale,2025-05-28
R866,Land,Halabja,Sarchnar,2592,0,1557792,for_sale,2024-12-19
R867,Land,Zakho,Mishko,421,0,7670,for_rent,2024-07-02
R868,Office,Duhok,Nizarke,157,0,1618,for_rent,2025-08-11
R869,Villa,Zakho,Kashan,646,4,9011,for_rent,2024-02-24
R870,Land,Duhok,Shindokha,2138,0,5325758,for_sale,2024-11-25
R871,Land,Duhok,Malta,2463,0,2352165,for_sale,2025-08-05
R872,House,Halabja,Sirwan,268,4,1755,for_rent,2024-03-23
R873,Villa,Sulaymaniyah,Goizha,541,7,4322,for_rent,2024-05-26
R874,House,Sulaymaniyah,Azadi,209,5,407132,for_sale,2025-04-25
R875,Office,Erbil,Empire World,223,0,5298,for_rent,2025-05-30
R876,Apartment,Zakho,Batifa Road,164,1,2546,for_rent,2025-06-08
R877,Office,Duhok,Baroshke,302,0,4934,for_rent,2025-04-10
R878,Shop,Zakho,Mahabad,69,0,1427,for_rent,2024-08-08
R879,Villa,Halabja,Kani Ashqan,366,5,368562,for_sale,2025-12-05
R880,Apartment,Zakho,Darkar,150,2,3012,for_rent,2024-01-09
R881,Office,Sulaymaniyah,Sarchinar,301,0,431634,for_sale,2025-02-16
R882,Land,Erbil,Citadel Area,1538,0,19578,for_rent,2025-03-20
R883,Villa,Zakho,New Zakho,447,5,1033017,for_sale,2024-08-03
R884,House,Erbil,Dream City,164,4,2709,for_rent,2025-05-25
R885,Apartment,Erbil,Ankawa,92,2,1584,for_rent,2024-03-23
R886,Shop,Sulaymaniyah,Raparin,109,0,69651,for_sale,2024-08-02
R887,Apartment,Zakho,Khabat,165,1,3209,for_rent,2025-09-08
R888,Apartment,Erbil,Gulan Street,98,4,158564,for_sale,2025-03-19
R889,Villa,Halabja,Bakrajo,372,5,884988,for_sale,2025-04-11
R890,Land,Sulaymaniyah,Tasluja,2343,0,15370,for_rent,2024-10-22
R891,Office,Duhok,Baroshke,135,0,70605,for_sale,2025-12-17
R892,Shop,Halabja,Khurmal,51,0,103020,for_sale,2025-05-17
R893,Shop,Halabja,Shahid Area,104,0,60840,for_sale,2024-02-09
R894,Shop,Halabja,Sirwan,30,0,29100,for_sale,2024-05-25
R895,House,Zakho,Darkar,272,2,419424,for_sale,2024-07-27
R896,House,Duhok,KRO Road,226,4,486578,for_sale,2025-05-28
R897,Shop,Duhok,Shindokha,49,0,75362,for_sale,2024-03-24
R898,Shop,Erbil,Empire World,106,0,55226,for_sale,2025-10-18
R899,Land,Sulaymaniyah,Italian Village,1570,0,874490,for_sale,2024-11-04
R900,House,Sulaymaniyah,Tanjaro,295,3,6546,for_rent,2024-10-27
R901,Apartment,Duhok,Bajel,140,4,2515,for_rent,2025-03-24
R902,Shop,Sulaymaniyah,Tanjaro,51,0,638,for_rent,2025-10-05
R903,Apartment,Erbil,Ankawa,81,1,75573,for_sale,2025-01-31
R904,Apartment,Duhok,Industrial Zone,84,1,49224,for_sale,2025-09-15
R905,Apartment,Zakho,Bekhma Road,175,3,3232,for_rent,2025-05-01
R906,House,Erbil,Gulan Street,212,5,5090,for_rent,2025-01-30
R907,Villa,Sulaymaniyah,Salim Street,633,5,10317,for_rent,2024-06-28
R908,Apartment,Erbil,Citadel Area,97,2,87882,for_sale,2024-01-25
R909,Villa,Zakho,City Centre,408,5,9163,for_rent,2024-09-27
R910,Office,Erbil,Ainkawa,254,0,4310,for_rent,2025-10-25
R911,Shop,Halabja,Bakrajo,87,0,1594,for_rent,2025-10-03
R912,Land,Duhok,Zawita Road,3644,0,3439936,for_sale,2025-11-13
R913,Shop,Duhok,Malta,76,0,747,for_rent,2024-01-04
R914,Villa,Zakho,Batifa Road,327,4,460089,for_sale,2024-08-31
R915,Apartment,Sulaymaniyah,Italian Village,92,4,213900,for_sale,2024-01-10
R916,Apartment,Halabja,Sirwan,117,2,109278,for_sale,2024-10-13
R917,House,Zakho,Bekhma Road,188,2,111108,for_sale,2024-09-28
R918,Land,Erbil,Erbil Tower,374,0,531454,for_sale,2024-03-18
R919,Land,Zakho,Batifa Road,3799,0,81602,for_rent,2024-11-12
R920,Land,Halabja,Sarchnar,1807,0,17220,for_rent,2025-09-23
R921,House,Zakho,City Centre,266,3,272118,for_sale,2025-10-18
R922,Apartment,Erbil,Ankawa,87,3,502,for_rent,2024-07-08
R923,Shop,Sulaymaniyah,Goizha,115,0,1450,for_rent,2025-12-21
R924,Land,Halabja,Sirwan,2873,0,5599477,for_sale,2025-03-20
R925,Villa,Duhok,Industrial Zone,575,4,1394375,for_sale,2024-10-19
R926,Office,Zakho,Batifa Road,328,0,5749,for_rent,2025-09-24
R927,Apartment,Sulaymaniyah,Raparin,114,1,228912,for_sale,2024-01-12
R928,Villa,Duhok,Shindokha,569,7,6236,for_rent,2024-09-01
R929,Villa,Zakho,Bekhma Road,384,5,620544,for_sale,2025-12-04
R930,Villa,Erbil,Kasnazan,296,7,7385,for_rent,2025-04-24
R931,Office,Halabja,New Halabja,190,0,3826,for_rent,2024-08-27
R932,House,Erbil,Gulan Street,206,3,336810,for_sale,2025-06-24
R933,Shop,Halabja,Memorial District,88,0,148720,for_sale,2025-12-01
R934,Shop,Halabja,Central Park,58,0,136996,for_sale,2024-05-04
R935,Office,Duhok,Bajel,230,0,3197,for_rent,2025-02-28
R936,Land,Sulaymaniyah,Italian Village,515,0,1266900,for_sale,2024-07-23
R937,Villa,Halabja,New Halabja,329,5,8159,for_rent,2024-01-30
R938,Office,Sulaymaniyah,Tanjaro,245,0,3064,for_rent,2024-02-21
R939,Villa,Sulaymaniyah,Azadi,622,6,1352228,for_sale,2025-11-29
R940,House,Erbil,Kasnazan,272,5,6392,for_rent,2024-02-17
R941,Shop,Halabja,Sarchnar,41,0,81098,for_sale,2024-05-27
R942,Apartment,Duhok,Shindokha,122,2,1703,for_rent,2024-09-10
R943,Apartment,Zakho,Khabat,91,4,213486,for_sale,2024-04-27
R944,Office,Duhok,Shindokha,108,0,85752,for_sale,2025-09-25
R945,Office,Zakho,Mishko,267,0,1914,for_rent,2024-01-01
R946,Villa,Halabja,Khurmal,479,6,10796,for_rent,2025-10-28
R947,Villa,Halabja,Sarchnar,259,5,5786,for_rent,2025-01-17
R948,Office,Sulaymaniyah,Salim Street,229,0,348538,for_sale,2025-10-26
R949,Shop,Erbil,Gulan Street,62,0,585,for_rent,2024-09-02
R950,Apartment,Erbil,North Ring Road,92,4,120520,for_sale,2025-05-17
R951,House,Sulaymaniyah,Sarchinar,242,3,5198,for_rent,2024-01-04
R952,Villa,Halabja,Sarchnar,601,6,748245,for_sale,2025-09-27
R953,Office,Duhok,Baroshke,229,0,1770,for_rent,2025-04-10
R954,Shop,Erbil,Ainkawa,82,0,512,for_rent,2024-08-01
R955,Apartment,Zakho,Kashan,144,2,2633,for_rent,2024-12-23
R956,House,Halabja,Sarchnar,216,4,2075,for_rent,2025-03-29
R957,Shop,Zakho,Rizgary,119,0,171598,for_sale,2024-06-02
R958,Villa,Duhok,Shindokha,459,4,424575,for_sale,2025-10-16
R959,Shop,Halabja,Bakrajo,56,0,1270,for_rent,2024-08-14
R960,Villa,Halabja,Khurmal,305,7,5538,for_rent,2025-06-22
R961,Office,Zakho,Khabat,139,0,1298,for_rent,2024-11-03
R962,Shop,Zakho,Mishko,87,0,1248,for_rent,2024-06-16
R963,Villa,Halabja,Sirwan,581,5,9725,for_rent,2025-08-06
R964,Shop,Zakho,Mishko,92,0,894,for_rent,2025-01-19
R965,Villa,Zakho,City Centre,440,4,5513,for_rent,2024-09-19
R966,Land,Erbil,Ainkawa,1247,0,872900,for_sale,2025-04-15
R967,Villa,Duhok,Nizarke,528,4,11853,for_rent,2025-11-03
R968,Land,Halabja,Bakrajo,2415,0,3054975,for_sale,2025-12-24
R969,Office,Erbil,Koya Road,167,0,128256,for_sale,2024-01-27
R970,Villa,Sulaymaniyah,Azadi,597,7,876396,for_sale,2025-07-29
R971,Office,Zakho,Batifa Road,261,0,289971,for_sale,2025-07-11
R972,Villa,Halabja,Bakrajo,636,4,1326060,for_sale,2025-09-05
R973,Office,Erbil,Erbil Tower,267,0,2250,for_rent,2024-08-02
R974,Shop,Duhok,KRO Road,33,0,367,for_rent,2024-06-07
R975,Shop,Erbil,North Ring Road,118,0,200836,for_sale,2025-04-15
R976,House,Halabja,Shahid Area,268,5,616668,for_sale,2024-02-17
R977,Apartment,Erbil,Ankawa,127,1,67056,for_sale,2025-10-25
R978,Land,Sulaymaniyah,Raparin,2395,0,1865705,for_sale,2024-12-17
R979,Villa,Duhok,Gir Area,265,6,476205,for_sale,2024-05-31
R980,Villa,Erbil,Empire World,382,4,4515,for_rent,2024-12-22
R981,House,Sulaymaniyah,Tasluja,164,5,3667,for_rent,2024-11-27
R982,Shop,Erbil,Erbil Tower,95,0,1196,for_rent,2024-06-05
R983,Land,Erbil,Ankawa,3136,0,7059136,for_sale,2025-02-19
R984,House,Erbil,Kasnazan,270,2,363960,for_sale,2025-08-12
R985,Apartment,Halabja,Shahid Area,140,1,211820,for_sale,2025-11-03
R986,Villa,Erbil,Ankawa,466,7,7469,for_rent,2024-07-12
R987,Apartment,Halabja,Shahid Area,88,1,1039,for_rent,2025-12-10
R988,Land,Halabja,Bazaar Area,1039,0,18837,for_rent,2024-08-23
R989,Land,Halabja,Bazaar Area,2404,0,5469100,for_sale,2024-09-15
R990,House,Erbil,Empire World,182,2,397488,for_sale,2024-05-16
R991,Villa,Sulaymaniyah,Tanjaro,267,5,275277,for_sale,2025-05-12
R992,Apartment,Halabja,Memorial District,148,3,2159,for_rent,2025-05-13
R993,Villa,Sulaymaniyah,Bakhtiary,412,4,935240,for_sale,2024-06-30
R994,Villa,Duhok,Industrial Zone,309,7,447123,for_sale,2024-02-19
R995,House,Sulaymaniyah,Goizha,192,4,432384,for_sale,2024-06-08
R996,Villa,Zakho,City Centre,278,5,2493,for_rent,2025-11-15
R997,House,Erbil,Dream City,304,3,198816,for_sale,2024-07-30
R998,Apartment,Zakho,Khabat,102,4,180336,for_sale,2024-07-17
R999,Office,Erbil,Kasnazan,176,0,137808,for_sale,2025-01-13
R1000,Shop,Erbil,Koya Road,98,0,1158,for_rent,2025-01-27
